restaurant_id,avg_score,danh_gia
1,0.3233333333333333,Tốt
2,0.16,Trung bình
3,0.0033333333333333444,Trung bình
4,0.19833333333333333,Trung bình
5,0.33666666666666667,Tốt
6,-0.165,Trung bình
7,-0.38833333333333336,Kém
8,-0.09833333333333334,Trung bình
9,0.19500000000000003,Trung bình
10,0.4383333333333333,Tốt
11,0.4466666666666667,Tốt
12,0.2966666666666667,Tốt
13,0.02999999999999999,Trung bình
14,0.26666666666666666,Tốt
15,-0.02,Trung bình
16,-0.18333333333333335,Trung bình
17,-0.21999999999999997,Kém
18,0.38000000000000006,Tốt
19,-0.1733333333333333,Trung bình
20,-0.23666666666666666,Kém
21,0.32666666666666666,Tốt
22,0.49666666666666665,Tốt
23,-0.54,Kém
24,-0.08,Trung bình
25,-0.28333333333333327,Kém
26,0.03000000000000001,Trung bình
27,-0.3933333333333333,Kém
28,0.5066666666666667,Tốt
29,-0.09333333333333334,Trung bình
30,-0.5966666666666667,Kém
31,-0.5,Kém
32,1.850371707708594E-17,Trung bình
33,-0.43,Kém
34,-0.2333333333333333,Kém
35,0.38999999999999996,Tốt
36,0.05999999999999998,Trung bình
37,0.05000000000000001,Trung bình
38,-0.04333333333333334,Trung bình
39,0.25,Tốt
40,-0.010000000000000009,Trung bình
41,-0.37333333333333335,Kém
42,-0.11333333333333333,Trung bình
43,-0.20333333333333328,Kém
44,-0.033333333333333326,Trung bình
45,0.39999999999999997,Tốt
46,0.08666666666666667,Trung bình
47,0.4766666666666666,Tốt
48,0.4566666666666667,Tốt
49,-0.08,Trung bình
50,0.27999999999999997,Tốt
51,0.13999999999999999,Trung bình
52,-0.20333333333333334,Kém
53,0.35000000000000003,Tốt
54,0.39999999999999997,Tốt
55,0.09000000000000001,Trung bình
56,0.5333333333333333,Tốt
57,-0.15,Trung bình
58,-0.5933333333333334,Kém
59,0.12333333333333331,Trung bình
60,0.3333333333333333,Tốt
61,0.08666666666666667,Trung bình
62,0.04666666666666668,Trung bình
63,0.016666666666666646,Trung bình
64,-0.10666666666666669,Trung bình
65,-0.62,Tệ
66,-0.15666666666666668,Trung bình
67,-0.13999999999999999,Trung bình
68,-0.09000000000000001,Trung bình
69,-0.21,Kém
70,-0.006666666666666672,Trung bình
71,-0.11666666666666665,Trung bình
72,-0.30333333333333334,Kém
73,0.06333333333333334,Trung bình
74,-0.63,Tệ
75,0.3133333333333333,Tốt
76,0.30333333333333334,Tốt
77,0.25,Tốt
78,-0.4633333333333334,Kém
79,0.13666666666666663,Trung bình
80,-0.38999999999999996,Kém
81,0.11666666666666665,Trung bình
82,0.2733333333333334,Tốt
83,-0.5966666666666667,Kém
84,-0.2866666666666667,Kém
85,-0.07333333333333335,Trung bình
86,0.08666666666666667,Trung bình
87,-0.029999999999999995,Trung bình
88,0.06333333333333335,Trung bình
89,-0.09333333333333332,Trung bình
90,-0.11,Trung bình
91,0.010000000000000009,Trung bình
92,0.06000000000000003,Trung bình
93,0.59,Tốt
94,0.32666666666666666,Tốt
95,0.09666666666666668,Trung bình
96,0.29,Tốt
97,-0.09333333333333331,Trung bình
98,0.08333333333333336,Trung bình
99,0.12666666666666668,Trung bình
100,-0.2833333333333333,Kém
101,-0.13,Trung bình
102,-0.023333333333333373,Trung bình
103,0.51,Tốt
104,-0.7033333333333333,Tệ
105,0.26333333333333336,Tốt
106,0.15333333333333332,Trung bình
107,-0.10666666666666665,Trung bình
108,-0.003333333333333318,Trung bình
109,0.7733333333333334,Xuất sắc
110,-0.5833333333333334,Kém
111,0.45333333333333337,Tốt
112,0.17666666666666667,Trung bình
113,0.08,Trung bình
114,-0.66,Tệ
115,-0.18000000000000002,Trung bình
116,-0.63,Tệ
117,0.12999999999999998,Trung bình
118,-0.03333333333333336,Trung bình
119,0.003333333333333336,Trung bình
120,0.15333333333333335,Trung bình
121,0.09000000000000001,Trung bình
122,-0.17,Trung bình
123,0.09666666666666666,Trung bình
124,-0.020000000000000007,Trung bình
125,0.11333333333333334,Trung bình
126,-0.006666666666666672,Trung bình
127,0.19999999999999998,Trung bình
128,-0.11333333333333336,Trung bình
129,-0.4033333333333333,Kém
130,-0.4766666666666666,Kém
131,-0.04666666666666667,Trung bình
132,-0.03666666666666666,Trung bình
133,-0.24,Kém
134,-0.18666666666666665,Trung bình
135,-0.11999999999999998,Trung bình
136,0.4033333333333333,Tốt
137,0.22999999999999998,Tốt
138,0.4166666666666667,Tốt
139,0.12666666666666662,Trung bình
140,0.57,Tốt
141,-0.4766666666666666,Kém
142,0.08666666666666667,Trung bình
143,-0.6166666666666667,Tệ
144,-0.7766666666666667,Tệ
145,-0.026666666666666655,Trung bình
146,0.0,Trung bình
147,0.2366666666666667,Tốt
148,0.09333333333333334,Trung bình
149,0.02666666666666669,Trung bình
150,0.4166666666666667,Tốt
151,0.6900000000000001,Xuất sắc
152,0.3433333333333333,Tốt
153,-0.2233333333333333,Kém
154,0.03333333333333329,Trung bình
155,-0.19666666666666666,Trung bình
156,0.48,Tốt
157,0.2866666666666667,Tốt
158,0.36333333333333334,Tốt
159,-0.3933333333333333,Kém
160,-0.47,Kém
161,0.38999999999999996,Tốt
162,0.43999999999999995,Tốt
163,-0.36000000000000004,Kém
164,0.5399999999999999,Tốt
165,-0.14666666666666667,Trung bình
166,-0.6033333333333333,Tệ
167,-0.21,Kém
168,-0.2233333333333333,Kém
169,0.5333333333333333,Tốt
170,0.19333333333333336,Trung bình
171,0.15333333333333332,Trung bình
172,0.06333333333333331,Trung bình
173,0.16000000000000003,Trung bình
174,0.24333333333333332,Tốt
175,0.08,Trung bình
176,0.4633333333333333,Tốt
177,0.22999999999999998,Tốt
178,-0.2333333333333333,Kém
179,-0.4833333333333334,Kém
180,-0.19666666666666668,Trung bình
181,0.38000000000000006,Tốt
182,-0.4266666666666667,Kém
183,0.07,Trung bình
184,0.2966666666666667,Tốt
185,0.1566666666666667,Trung bình
186,0.09000000000000001,Trung bình
187,-0.7200000000000001,Tệ
188,0.25333333333333335,Tốt
189,0.18999999999999997,Trung bình
190,0.06333333333333331,Trung bình
191,0.27666666666666667,Tốt
192,-0.08666666666666663,Trung bình
193,0.17666666666666667,Trung bình
194,-0.2366666666666667,Kém
195,-0.15666666666666668,Trung bình
196,-0.2833333333333333,Kém
197,-0.45999999999999996,Kém
198,0.38999999999999996,Tốt
199,0.35333333333333333,Tốt
200,0.32666666666666666,Tốt
201,0.37666666666666665,Tốt
202,0.22999999999999998,Tốt
203,0.47666666666666674,Tốt
204,0.8233333333333333,Xuất sắc
205,0.003333333333333336,Trung bình
206,-0.2866666666666667,Kém
207,-0.26333333333333336,Kém
208,0.1433333333333333,Trung bình
209,-0.22333333333333336,Kém
210,0.06999999999999999,Trung bình
211,0.7000000000000001,Xuất sắc
212,-0.14,Trung bình
213,0.65,Xuất sắc
214,0.3,Tốt
215,0.2233333333333333,Tốt
216,0.08,Trung bình
217,0.44333333333333336,Tốt
218,0.15333333333333332,Trung bình
219,0.12333333333333334,Trung bình
220,0.08333333333333337,Trung bình
221,-0.05666666666666668,Trung bình
222,-0.10666666666666669,Trung bình
223,0.29000000000000004,Tốt
224,0.2066666666666667,Tốt
225,0.26666666666666666,Tốt
226,-0.14666666666666664,Trung bình
227,0.25,Tốt
228,0.15333333333333332,Trung bình
229,0.026666666666666655,Trung bình
230,-0.4166666666666667,Kém
231,-0.08666666666666667,Trung bình
232,-0.08333333333333333,Trung bình
233,-0.29666666666666663,Kém
234,0.12999999999999998,Trung bình
235,0.04666666666666667,Trung bình
236,0.5166666666666666,Tốt
237,0.033333333333333326,Trung bình
238,-0.48666666666666664,Kém
239,0.62,Xuất sắc
240,0.24,Tốt
241,-0.10666666666666665,Trung bình
242,0.29,Tốt
243,-0.18999999999999997,Trung bình
244,-0.35333333333333333,Kém
245,-0.18333333333333335,Trung bình
246,0.043333333333333335,Trung bình
247,-0.20666666666666664,Kém
248,-0.19666666666666666,Trung bình
249,0.36333333333333334,Tốt
250,0.05666666666666668,Trung bình
251,-0.5900000000000001,Kém
252,-0.08,Trung bình
253,-0.4766666666666666,Kém
254,-0.3166666666666667,Kém
255,-0.79,Tệ
256,0.41333333333333333,Tốt
257,0.6133333333333333,Xuất sắc
258,0.26666666666666666,Tốt
259,-0.18999999999999995,Trung bình
260,-0.09333333333333334,Trung bình
261,-0.25666666666666665,Kém
262,-0.003333333333333336,Trung bình
263,-0.16333333333333333,Trung bình
264,0.17666666666666667,Trung bình
265,-0.013333333333333327,Trung bình
266,0.61,Xuất sắc
267,0.22333333333333336,Tốt
268,-0.45,Kém
269,-0.17,Trung bình
270,0.11333333333333334,Trung bình
271,0.04,Trung bình
272,-0.3066666666666667,Kém
273,-0.16,Trung bình
274,-0.47000000000000003,Kém
275,0.2133333333333333,Tốt
276,0.3233333333333334,Tốt
277,-0.10333333333333335,Trung bình
278,0.56,Tốt
279,-0.16,Trung bình
280,0.4566666666666667,Tốt
281,0.04999999999999997,Trung bình
282,0.2966666666666667,Tốt
283,0.7266666666666666,Xuất sắc
284,0.06333333333333331,Trung bình
285,0.12333333333333334,Trung bình
286,-0.7166666666666667,Tệ
287,0.023333333333333334,Trung bình
288,-0.04999999999999997,Trung bình
289,0.31,Tốt
290,0.1433333333333333,Trung bình
291,-0.02666666666666666,Trung bình
292,0.08333333333333333,Trung bình
293,0.26999999999999996,Tốt
294,-0.13666666666666666,Trung bình
295,0.4566666666666667,Tốt
296,-0.14333333333333334,Trung bình
297,-0.5933333333333334,Kém
298,-0.08666666666666667,Trung bình
299,-0.1433333333333333,Trung bình
300,-0.006666666666666654,Trung bình
301,-0.09000000000000002,Trung bình
302,0.06,Trung bình
303,0.33666666666666667,Tốt
304,0.3833333333333333,Tốt
305,-0.04666666666666667,Trung bình
306,0.22,Tốt
307,-0.47000000000000003,Kém
308,-0.22999999999999998,Kém
309,-0.13,Trung bình
310,0.31666666666666665,Tốt
311,-0.47333333333333333,Kém
312,0.6833333333333332,Xuất sắc
313,0.06666666666666672,Trung bình
314,-0.18000000000000005,Trung bình
315,-0.33,Kém
316,0.06000000000000002,Trung bình
317,-0.6533333333333333,Tệ
318,-0.19000000000000003,Trung bình
319,0.03,Trung bình
320,0.20333333333333337,Tốt
321,0.12666666666666668,Trung bình
322,-0.3333333333333333,Kém
323,0.15666666666666665,Trung bình
324,-0.3333333333333333,Kém
325,-0.3566666666666667,Kém
326,-0.1433333333333333,Trung bình
327,-0.22999999999999998,Kém
328,0.38999999999999996,Tốt
329,0.18333333333333332,Trung bình
330,0.13333333333333336,Trung bình
331,0.09333333333333334,Trung bình
332,-0.36999999999999994,Kém
333,-0.18666666666666668,Trung bình
334,-0.25666666666666665,Kém
335,0.18666666666666665,Trung bình
336,-0.39999999999999997,Kém
337,0.6166666666666667,Xuất sắc
338,-0.11333333333333333,Trung bình
339,-0.0833333333333333,Trung bình
340,-0.23333333333333336,Kém
341,0.19999999999999996,Trung bình
342,0.32333333333333336,Tốt
343,-0.10000000000000003,Trung bình
344,-0.09000000000000001,Trung bình
345,0.16666666666666666,Trung bình
346,0.27,Tốt
347,-0.35333333333333333,Kém
348,0.026666666666666644,Trung bình
349,-0.23333333333333336,Kém
350,-0.26999999999999996,Kém
351,-0.036666666666666646,Trung bình
352,-0.43333333333333335,Kém
353,0.19333333333333333,Trung bình
354,-0.17999999999999997,Trung bình
355,-0.2533333333333333,Kém
356,0.33666666666666667,Tốt
357,-0.053333333333333316,Trung bình
358,0.5066666666666667,Tốt
359,-0.8233333333333334,Tệ
360,-0.16333333333333333,Trung bình
361,0.17666666666666667,Trung bình
362,0.37000000000000005,Tốt
363,-0.23333333333333336,Kém
364,-0.006666666666666672,Trung bình
365,-0.62,Tệ
366,0.23666666666666666,Tốt
367,-0.7066666666666667,Tệ
368,-0.043333333333333335,Trung bình
369,-0.06999999999999999,Trung bình
370,-0.4333333333333333,Kém
371,-0.24333333333333332,Kém
372,0.2733333333333334,Tốt
373,-0.24,Kém
374,0.11333333333333333,Trung bình
375,0.7600000000000001,Xuất sắc
376,0.24666666666666667,Tốt
377,0.49333333333333335,Tốt
378,0.05666666666666668,Trung bình
379,-0.35333333333333333,Kém
380,0.5966666666666667,Tốt
381,0.22666666666666666,Tốt
382,-0.14333333333333334,Trung bình
383,0.26666666666666666,Tốt
384,0.04,Trung bình
385,0.19666666666666666,Trung bình
386,-0.10999999999999995,Trung bình
387,0.33,Tốt
388,0.1366666666666667,Trung bình
389,-0.016666666666666673,Trung bình
390,-0.3066666666666667,Kém
391,-0.03666666666666666,Trung bình
392,-0.29,Kém
393,0.5599999999999999,Tốt
394,-0.02,Trung bình
395,-0.51,Kém
396,-0.24333333333333332,Kém
397,-0.2633333333333333,Kém
398,-0.2433333333333333,Kém
399,-0.18666666666666665,Trung bình
400,-0.34,Kém
401,-0.02999999999999999,Trung bình
402,0.07666666666666667,Trung bình
403,-0.24333333333333332,Kém
404,0.2833333333333334,Tốt
405,0.12,Trung bình
406,0.5866666666666667,Tốt
407,-0.26999999999999996,Kém
408,-0.02999999999999999,Trung bình
409,0.13,Trung bình
410,-0.10000000000000002,Trung bình
411,-0.25666666666666665,Kém
412,-0.5533333333333333,Kém
413,-0.7066666666666667,Tệ
414,-0.08666666666666667,Trung bình
415,-0.4266666666666667,Kém
416,0.84,Xuất sắc
417,-0.16666666666666666,Trung bình
418,-0.14,Trung bình
419,-0.2066666666666667,Kém
420,-0.016666666666666673,Trung bình
421,0.2333333333333333,Tốt
422,-0.10666666666666667,Trung bình
423,0.06666666666666667,Trung bình
424,-0.23333333333333336,Kém
425,-0.12,Trung bình
426,0.26,Tốt
427,-0.08666666666666668,Trung bình
428,0.47000000000000003,Tốt
429,-0.16333333333333336,Trung bình
430,0.5433333333333333,Tốt
431,0.57,Tốt
432,0.7233333333333333,Xuất sắc
433,-0.26333333333333336,Kém
434,-0.5333333333333333,Kém
435,-0.43333333333333335,Kém
436,-0.3233333333333334,Kém
437,0.07333333333333335,Trung bình
438,0.6,Tốt
439,-0.43,Kém
440,-0.3466666666666667,Kém
441,0.17333333333333334,Trung bình
442,-0.04666666666666667,Trung bình
443,0.07000000000000002,Trung bình
444,0.25666666666666665,Tốt
445,0.7066666666666667,Xuất sắc
446,-0.4566666666666667,Kém
447,0.14,Trung bình
448,-0.5333333333333333,Kém
449,-0.18999999999999997,Trung bình
450,-0.27666666666666667,Kém
451,0.20999999999999996,Tốt
452,0.38000000000000006,Tốt
453,0.3666666666666667,Tốt
454,0.18666666666666668,Trung bình
455,0.41,Tốt
456,0.05000000000000001,Trung bình
457,-0.22666666666666666,Kém
458,-0.5633333333333334,Kém
459,0.3166666666666667,Tốt
460,-0.2866666666666667,Kém
461,-0.23,Kém
462,-0.5566666666666666,Kém
463,-0.59,Kém
464,-0.48333333333333334,Kém
465,-0.4766666666666666,Kém
466,0.22,Tốt
467,0.3433333333333333,Tốt
468,-0.33,Kém
469,-0.64,Tệ
470,0.6433333333333334,Xuất sắc
471,0.4366666666666667,Tốt
472,0.016666666666666646,Trung bình
473,-0.47000000000000003,Kém
474,0.22666666666666666,Tốt
475,0.25333333333333335,Tốt
476,-0.6466666666666666,Tệ
477,-0.08333333333333333,Trung bình
478,-0.5233333333333333,Kém
479,0.2866666666666667,Tốt
480,0.05666666666666668,Trung bình
481,0.25,Tốt
482,0.18333333333333335,Trung bình
483,-0.19999999999999998,Trung bình
484,-0.3133333333333333,Kém
485,-0.5466666666666667,Kém
486,-0.03666666666666666,Trung bình
487,-0.1366666666666667,Trung bình
488,-0.006666666666666672,Trung bình
489,-0.16333333333333333,Trung bình
490,0.24666666666666667,Tốt
491,0.21666666666666667,Tốt
492,0.39999999999999997,Tốt
493,0.16666666666666666,Trung bình
494,-0.09999999999999994,Trung bình
495,0.6533333333333333,Xuất sắc
496,0.5433333333333333,Tốt
497,-0.5966666666666667,Kém
498,0.053333333333333344,Trung bình
499,0.5,Tốt
500,-0.24,Kém
501,-0.5033333333333333,Kém
502,0.36000000000000004,Tốt
503,-0.6933333333333334,Tệ
504,0.6933333333333334,Xuất sắc
505,0.24333333333333332,Tốt
506,-0.29666666666666663,Kém
507,0.18333333333333335,Trung bình
508,0.53,Tốt
509,-0.11333333333333334,Trung bình
510,0.27,Tốt
511,0.026666666666666672,Trung bình
512,-0.2733333333333334,Kém
513,-0.13,Trung bình
514,0.8566666666666666,Xuất sắc
515,0.20666666666666667,Tốt
516,0.056666666666666664,Trung bình
517,0.23666666666666666,Tốt
518,-0.24333333333333332,Kém
519,-0.45999999999999996,Kém
520,-0.47666666666666674,Kém
521,-0.08333333333333333,Trung bình
522,0.04666666666666667,Trung bình
523,0.40666666666666673,Tốt
524,-0.4633333333333334,Kém
525,-0.18000000000000002,Trung bình
526,0.09666666666666668,Trung bình
527,-0.20333333333333334,Kém
528,-0.16,Trung bình
529,-0.44,Kém
530,-0.4533333333333333,Kém
531,0.35000000000000003,Tốt
532,-0.25333333333333335,Kém
533,0.33,Tốt
534,-0.27999999999999997,Kém
535,0.03333333333333332,Trung bình
536,0.12666666666666668,Trung bình
537,0.4033333333333333,Tốt
538,-0.36000000000000004,Kém
539,-0.043333333333333356,Trung bình
540,9.25185853854297E-18,Trung bình
541,0.07666666666666667,Trung bình
542,0.23666666666666666,Tốt
543,0.20333333333333334,Tốt
544,0.39000000000000007,Tốt
545,0.30666666666666664,Tốt
546,0.13333333333333333,Trung bình
547,-0.4166666666666667,Kém
548,0.11666666666666665,Trung bình
549,-0.13666666666666666,Trung bình
550,0.05999999999999998,Trung bình
551,0.15666666666666668,Trung bình
552,-0.006666666666666691,Trung bình
553,0.7366666666666667,Xuất sắc
554,0.2166666666666667,Tốt
555,0.3133333333333333,Tốt
556,-0.20666666666666667,Kém
557,-0.6966666666666667,Tệ
558,0.19333333333333333,Trung bình
559,0.27999999999999997,Tốt
560,0.13999999999999999,Trung bình
561,-0.3333333333333333,Kém
562,0.08,Trung bình
563,-0.026666666666666675,Trung bình
564,0.11,Trung bình
565,0.10333333333333332,Trung bình
566,-0.31333333333333335,Kém
567,0.14,Trung bình
568,-0.16,Trung bình
569,0.39999999999999997,Tốt
570,-0.8666666666666667,Tệ
571,0.5766666666666667,Tốt
572,0.06666666666666665,Trung bình
573,0.10333333333333333,Trung bình
574,-0.34,Kém
575,0.07,Trung bình
576,0.06666666666666665,Trung bình
577,0.27,Tốt
578,-0.21333333333333335,Kém
579,0.21,Tốt
580,0.16,Trung bình
581,0.5533333333333333,Tốt
582,0.4366666666666667,Tốt
583,-0.02,Trung bình
584,-0.016666666666666646,Trung bình
585,-0.49666666666666665,Kém
586,0.44333333333333336,Tốt
587,-0.023333333333333355,Trung bình
588,-0.26,Kém
589,0.05000000000000001,Trung bình
590,-0.37999999999999995,Kém
591,-0.15333333333333332,Trung bình
592,0.17333333333333334,Trung bình
593,0.17666666666666667,Trung bình
594,0.5033333333333333,Tốt
595,0.18666666666666668,Trung bình
596,0.21000000000000005,Tốt
597,0.12666666666666668,Trung bình
598,-0.3533333333333333,Kém
599,-0.04999999999999999,Trung bình
600,-0.7033333333333333,Tệ
601,-0.14,Trung bình
602,0.060000000000000005,Trung bình
603,-0.3133333333333333,Kém
604,0.64,Xuất sắc
605,0.4633333333333334,Tốt
606,0.5466666666666667,Tốt
607,0.5633333333333334,Tốt
608,0.45,Tốt
609,-0.36000000000000004,Kém
610,-0.49333333333333335,Kém
611,-0.27,Kém
612,0.47333333333333333,Tốt
613,-0.19666666666666668,Trung bình
614,-0.36000000000000004,Kém
615,-0.5133333333333333,Kém
616,0.3333333333333333,Tốt
617,0.14,Trung bình
618,-0.12333333333333334,Trung bình
619,-0.6566666666666667,Tệ
620,0.09499999999999997,Trung bình
621,-0.21333333333333326,Kém
622,0.66,Xuất sắc
623,0.10333333333333335,Trung bình
624,-0.3533333333333333,Kém
625,0.45,Tốt
626,0.4133333333333333,Tốt
627,0.21000000000000005,Tốt
628,-0.24000000000000002,Kém
629,-0.39000000000000007,Kém
630,0.17666666666666667,Trung bình
631,0.006666666666666672,Trung bình
632,0.16666666666666666,Trung bình
633,0.32,Tốt
634,0.7000000000000001,Xuất sắc
635,-0.32666666666666666,Kém
636,-0.27,Kém
637,0.38999999999999996,Tốt
638,-0.16666666666666666,Trung bình
639,0.02666666666666669,Trung bình
640,-0.5633333333333334,Kém
641,-0.006666666666666672,Trung bình
642,-0.39999999999999997,Kém
643,0.06999999999999999,Trung bình
644,-0.6633333333333334,Tệ
645,-0.2466666666666667,Kém
646,-0.13999999999999999,Trung bình
647,0.5599999999999999,Tốt
648,0.3533333333333333,Tốt
649,0.7433333333333333,Xuất sắc
650,-0.13999999999999999,Trung bình
651,0.10333333333333333,Trung bình
652,-0.26999999999999996,Kém
653,-0.05666666666666668,Trung bình
654,0.026666666666666672,Trung bình
655,-0.013333333333333345,Trung bình
656,0.6866666666666666,Xuất sắc
657,-0.10333333333333335,Trung bình
658,0.4566666666666667,Tốt
659,-0.12,Trung bình
660,-0.5366666666666666,Kém
661,0.20333333333333328,Tốt
662,-0.39333333333333337,Kém
663,0.12666666666666668,Trung bình
664,-0.16,Trung bình
665,-0.14333333333333337,Trung bình
666,-0.19666666666666666,Trung bình
667,-0.6333333333333333,Tệ
668,-0.09000000000000001,Trung bình
669,0.3533333333333333,Tốt
670,0.2333333333333333,Tốt
671,0.49333333333333335,Tốt
672,0.03333333333333335,Trung bình
673,-0.10999999999999999,Trung bình
674,0.3233333333333333,Tốt
675,0.06333333333333335,Trung bình
676,0.43,Tốt
677,0.2866666666666667,Tốt
678,0.05999999999999998,Trung bình
679,0.08666666666666667,Trung bình
680,0.22999999999999998,Tốt
681,0.026666666666666655,Trung bình
682,-0.19666666666666668,Trung bình
683,-0.5233333333333333,Kém
684,-0.39666666666666667,Kém
685,0.16666666666666666,Trung bình
686,0.08666666666666667,Trung bình
687,0.19999999999999998,Trung bình
688,-0.5266666666666667,Kém
689,-0.20666666666666667,Kém
690,-0.6233333333333334,Tệ
691,-0.026666666666666655,Trung bình
692,0.39333333333333337,Tốt
693,-0.44333333333333336,Kém
694,0.04999999999999997,Trung bình
695,0.7000000000000001,Xuất sắc
696,-0.4533333333333333,Kém
697,-0.1733333333333333,Trung bình
698,0.15000000000000002,Trung bình
699,-0.13333333333333333,Trung bình
700,-0.0666666666666667,Trung bình
701,0.35000000000000003,Tốt
702,0.20666666666666667,Tốt
703,0.27666666666666667,Tốt
704,-0.32666666666666666,Kém
705,-0.5,Kém
706,-0.2933333333333333,Kém
707,0.29,Tốt
708,0.6933333333333334,Xuất sắc
709,-0.33,Kém
710,-0.36000000000000004,Kém
711,-0.7066666666666667,Tệ
712,-0.08,Trung bình
713,0.2633333333333333,Tốt
714,0.036666666666666674,Trung bình
715,0.3133333333333333,Tốt
716,0.3,Tốt
717,0.12333333333333331,Trung bình
718,-0.6699999999999999,Tệ
719,0.32,Tốt
720,-0.4366666666666667,Kém
721,-0.32,Kém
722,-0.06333333333333334,Trung bình
723,-0.6133333333333334,Tệ
724,0.3933333333333333,Tốt
725,0.44333333333333336,Tốt
726,-0.2133333333333333,Kém
727,-0.8533333333333334,Tệ
728,-0.32333333333333336,Kém
729,-0.036666666666666674,Trung bình
730,-0.13,Trung bình
731,-0.6,Tệ
732,0.09333333333333332,Trung bình
733,-0.5333333333333333,Kém
734,0.09333333333333334,Trung bình
735,0.08666666666666667,Trung bình
736,1.850371707708594E-17,Trung bình
737,0.14333333333333334,Trung bình
738,-0.2933333333333334,Kém
739,-0.12999999999999998,Trung bình
740,-0.030000000000000027,Trung bình
741,-0.35333333333333333,Kém
742,-0.04333333333333334,Trung bình
743,0.5266666666666666,Tốt
744,0.66,Xuất sắc
745,-0.09000000000000001,Trung bình
746,0.013333333333333345,Trung bình
747,0.2233333333333333,Tốt
748,-0.5466666666666667,Kém
749,0.1366666666666667,Trung bình
750,-0.13666666666666663,Trung bình
751,0.21333333333333335,Tốt
752,-0.060000000000000026,Trung bình
753,-0.6666666666666666,Tệ
754,-0.030000000000000027,Trung bình
755,-0.4266666666666666,Kém
756,-0.13666666666666666,Trung bình
757,-0.023333333333333334,Trung bình
758,-0.12,Trung bình
759,0.47,Tốt
760,0.2966666666666667,Tốt
761,-0.5366666666666667,Kém
762,0.08666666666666671,Trung bình
763,-0.4266666666666667,Kém
764,-0.4533333333333333,Kém
765,-0.15,Trung bình
766,0.3166666666666667,Tốt
767,-0.4666666666666666,Kém
768,0.09000000000000001,Trung bình
769,0.5233333333333333,Tốt
770,0.1466666666666667,Trung bình
771,0.13,Trung bình
772,0.10333333333333335,Trung bình
773,-0.6133333333333333,Tệ
774,0.5666666666666667,Tốt
775,0.29333333333333333,Tốt
776,-0.05333333333333338,Trung bình
777,0.21666666666666665,Tốt
778,0.08999999999999997,Trung bình
779,0.63,Xuất sắc
780,0.44333333333333336,Tốt
781,-0.5733333333333334,Kém
782,-0.23666666666666666,Kém
783,-0.45,Kém
784,0.25666666666666665,Tốt
785,-0.03000000000000001,Trung bình
786,-0.39333333333333337,Kém
787,-0.5433333333333333,Kém
788,0.08666666666666666,Trung bình
789,-0.24666666666666667,Kém
790,-0.06999999999999999,Trung bình
791,0.29,Tốt
792,-0.22999999999999995,Kém
793,-0.38999999999999996,Kém
794,-0.6633333333333334,Tệ
795,-0.25,Kém
796,-0.10999999999999999,Trung bình
797,-0.17,Trung bình
798,-0.08666666666666667,Trung bình
799,0.5066666666666667,Tốt
800,0.6133333333333334,Xuất sắc
801,-0.1433333333333333,Trung bình
802,0.056666666666666664,Trung bình
803,0.8833333333333333,Xuất sắc
804,-0.06666666666666667,Trung bình
805,0.2833333333333333,Tốt
806,0.2733333333333334,Tốt
807,-0.04666666666666667,Trung bình
808,-0.04666666666666667,Trung bình
809,0.053333333333333316,Trung bình
810,0.19666666666666668,Trung bình
811,-0.4066666666666667,Kém
812,0.4566666666666667,Tốt
813,0.29,Tốt
814,0.21333333333333335,Tốt
815,-0.43,Kém
816,0.82,Xuất sắc
817,0.0666666666666667,Trung bình
818,0.15,Trung bình
819,-0.20333333333333337,Kém
820,-0.03333333333333335,Trung bình
821,0.24000000000000007,Tốt
822,-0.2733333333333333,Kém
823,-0.7033333333333335,Tệ
824,0.71,Xuất sắc
825,0.4666666666666666,Tốt
826,-0.09999999999999998,Trung bình
827,-0.12666666666666668,Trung bình
828,0.14666666666666667,Trung bình
829,-0.06,Trung bình
830,0.10999999999999999,Trung bình
831,0.09333333333333332,Trung bình
832,0.19000000000000003,Trung bình
833,0.4433333333333333,Tốt
834,-0.18666666666666668,Trung bình
835,-0.23,Kém
836,0.5066666666666667,Tốt
837,-0.04,Trung bình
838,0.06666666666666664,Trung bình
839,-0.07333333333333332,Trung bình
840,0.20999999999999996,Tốt
841,0.19333333333333333,Trung bình
842,0.3533333333333333,Tốt
843,0.31666666666666665,Tốt
844,0.3166666666666667,Tốt
845,-0.08333333333333336,Trung bình
846,-0.07999999999999997,Trung bình
847,-0.07000000000000002,Trung bình
848,-0.16,Trung bình
849,-0.25666666666666665,Kém
850,-0.5933333333333333,Kém
851,-0.11333333333333333,Trung bình
852,0.29666666666666663,Tốt
853,0.14,Trung bình
854,0.09333333333333331,Trung bình
855,0.21666666666666665,Tốt
856,0.36999999999999994,Tốt
857,-0.06000000000000002,Trung bình
858,0.6633333333333334,Xuất sắc
859,0.020000000000000018,Trung bình
860,-0.39333333333333337,Kém
861,-0.3233333333333333,Kém
862,0.3233333333333333,Tốt
863,0.17666666666666667,Trung bình
864,0.5733333333333334,Tốt
865,-9.25185853854297E-18,Trung bình
866,0.17666666666666667,Trung bình
867,0.19666666666666666,Trung bình
868,0.2233333333333333,Tốt
869,0.11333333333333333,Trung bình
870,0.0766666666666667,Trung bình
871,0.040000000000000036,Trung bình
872,-0.5433333333333333,Kém
873,-0.5499999999999999,Kém
874,0.35333333333333333,Tốt
875,-0.1433333333333333,Trung bình
876,0.39666666666666667,Tốt
877,-0.18000000000000002,Trung bình
878,0.1433333333333333,Trung bình
879,-0.865,Tệ
880,0.845,Xuất sắc
881,0.38000000000000006,Tốt
882,-0.26333333333333336,Kém
883,0.4466666666666667,Tốt
884,-0.3333333333333333,Kém
885,0.18666666666666668,Trung bình
886,-0.05666666666666667,Trung bình
887,0.39333333333333337,Tốt
888,-0.5166666666666666,Kém
889,-0.38666666666666666,Kém
890,0.22333333333333336,Tốt
891,0.5633333333333334,Tốt
892,0.09333333333333334,Trung bình
893,-0.5233333333333333,Kém
894,-0.8766666666666666,Tệ
895,0.6866666666666666,Xuất sắc
896,-0.19666666666666668,Trung bình
897,0.049999999999999996,Trung bình
898,0.18000000000000002,Trung bình
899,0.08333333333333333,Trung bình
900,-0.2233333333333333,Kém
901,0.10999999999999999,Trung bình
902,-0.6233333333333334,Tệ
903,-0.22,Kém
904,0.0,Trung bình
905,0.5733333333333334,Tốt
906,-0.010000000000000009,Trung bình
907,0.5533333333333333,Tốt
908,-1.3877787807814457E-17,Trung bình
909,-0.2333333333333333,Kém
910,-0.48666666666666664,Kém
911,-0.3666666666666667,Kém
912,0.5,Tốt
913,0.29333333333333333,Tốt
914,-0.03333333333333335,Trung bình
915,-0.45,Kém
916,0.5266666666666667,Tốt
917,-0.8933333333333332,Tệ
918,-0.053333333333333344,Trung bình
919,0.14333333333333334,Trung bình
920,0.44333333333333336,Tốt
921,-0.45999999999999996,Kém
922,-0.37999999999999995,Kém
923,-0.5066666666666667,Kém
924,-0.38999999999999996,Kém
925,-0.035,Trung bình
926,-0.5666666666666668,Kém
927,-0.2866666666666667,Kém
928,-0.26,Kém
929,-0.38000000000000006,Kém
930,-0.16,Trung bình
931,0.29,Tốt
932,-0.19333333333333333,Trung bình
933,-0.42,Kém
934,-0.2866666666666667,Kém
935,0.19333333333333336,Trung bình
936,0.2833333333333334,Tốt
937,-0.5233333333333333,Kém
938,0.4833333333333334,Tốt
939,-0.27666666666666667,Kém
940,-0.4366666666666667,Kém
941,-0.11000000000000003,Trung bình
942,0.09333333333333332,Trung bình
943,0.09999999999999999,Trung bình
944,0.2333333333333333,Tốt
945,0.1466666666666667,Trung bình
946,0.06333333333333335,Trung bình
947,-0.21666666666666665,Kém
948,-0.030000000000000027,Trung bình
949,0.2866666666666667,Tốt
950,0.02999999999999999,Trung bình
951,-0.15,Trung bình
952,-0.20000000000000004,Kém
953,0.07333333333333335,Trung bình
954,-0.0766666666666667,Trung bình
955,0.23,Tốt
956,0.06333333333333335,Trung bình
957,0.15999999999999998,Trung bình
958,0.26,Tốt
959,-0.43,Kém
960,0.47666666666666674,Tốt
961,0.48666666666666664,Tốt
962,0.010000000000000009,Trung bình
963,-0.2866666666666667,Kém
964,0.53,Tốt
965,-0.21666666666666667,Kém
966,0.053333333333333344,Trung bình
967,-0.7166666666666667,Tệ
968,0.12,Trung bình
969,0.2233333333333333,Tốt
970,-0.2966666666666667,Kém
971,-0.1366666666666667,Trung bình
972,0.22666666666666666,Tốt
973,0.58,Tốt
974,-0.08333333333333331,Trung bình
975,0.08,Trung bình
976,-0.37333333333333335,Kém
977,0.29000000000000004,Tốt
978,-0.42333333333333334,Kém
979,-0.26333333333333336,Kém
980,0.6466666666666667,Xuất sắc
981,0.49333333333333335,Tốt
982,0.17333333333333334,Trung bình
983,0.33,Tốt
984,0.55,Tốt
985,0.45999999999999996,Tốt
986,-0.43333333333333335,Kém
987,-0.52,Kém
988,-0.020000000000000004,Trung bình
989,-0.09666666666666668,Trung bình
990,-0.35666666666666663,Kém
991,0.033333333333333326,Trung bình
992,0.05000000000000001,Trung bình
993,0.16666666666666666,Trung bình
994,-0.026666666666666655,Trung bình
995,-0.26,Kém
996,-0.003333333333333336,Trung bình
997,0.3233333333333333,Tốt
998,0.4466666666666666,Tốt
999,0.003333333333333336,Trung bình
1000,-0.18666666666666668,Trung bình
1001,0.3566666666666667,Tốt
1002,0.08000000000000002,Trung bình
1003,-0.15333333333333335,Trung bình
1004,0.5566666666666666,Tốt
1005,-0.5833333333333334,Kém
1006,0.24666666666666667,Tốt
1007,-0.06999999999999999,Trung bình
1008,0.05666666666666668,Trung bình
1009,0.4566666666666667,Tốt
1010,-0.30333333333333334,Kém
1011,0.7366666666666667,Xuất sắc
1012,0.15000000000000002,Trung bình
1013,0.46666666666666673,Tốt
1014,0.41333333333333333,Tốt
1015,-0.003333333333333327,Trung bình
1016,-0.2833333333333333,Kém
1017,-0.3066666666666667,Kém
1018,0.04999999999999999,Trung bình
1019,-0.47000000000000003,Kém
1020,0.48333333333333334,Tốt
1021,0.4366666666666667,Tốt
1022,-0.11666666666666665,Trung bình
1023,-0.006666666666666678,Trung bình
1024,0.6333333333333333,Xuất sắc
1025,0.5599999999999999,Tốt
1026,0.3666666666666667,Tốt
1027,-0.4266666666666666,Kém
1028,-0.15000000000000002,Trung bình
1029,-0.03333333333333329,Trung bình
1030,0.3666666666666667,Tốt
1031,-0.26,Kém
1032,-0.5233333333333333,Kém
1033,-0.22666666666666666,Kém
1034,0.16333333333333333,Trung bình
1035,0.2333333333333333,Tốt
1036,-0.5433333333333333,Kém
1037,-0.20000000000000004,Kém
1038,0.19000000000000003,Trung bình
1039,0.16666666666666663,Trung bình
1040,-0.10000000000000002,Trung bình
1041,0.09666666666666664,Trung bình
1042,0.7366666666666667,Xuất sắc
1043,-0.05999999999999996,Trung bình
1044,0.02,Trung bình
1045,-0.08,Trung bình
1046,0.07999999999999999,Trung bình
1047,0.030000000000000027,Trung bình
1048,0.29,Tốt
1049,0.51,Tốt
1050,-0.16666666666666666,Trung bình
1051,-0.20666666666666667,Kém
1052,-0.14333333333333334,Trung bình
1053,-0.5766666666666667,Kém
1054,-0.4766666666666666,Kém
1055,-0.49000000000000005,Kém
1056,0.29333333333333333,Tốt
1057,0.09000000000000002,Trung bình
1058,0.2833333333333334,Tốt
1059,-0.19666666666666668,Trung bình
1060,-0.023333333333333317,Trung bình
1061,-0.13999999999999999,Trung bình
1062,0.24,Tốt
1063,-0.44,Kém
1064,0.1433333333333333,Trung bình
1065,-0.4366666666666667,Kém
1066,0.4533333333333333,Tốt
1067,-0.22333333333333336,Kém
1068,-0.16,Trung bình
1069,-0.12999999999999998,Trung bình
1070,0.11333333333333333,Trung bình
1071,-0.2233333333333333,Kém
1072,0.48,Tốt
1073,-0.03000000000000001,Trung bình
1074,-0.15666666666666665,Trung bình
1075,0.06333333333333331,Trung bình
1076,0.52,Tốt
1077,0.07333333333333332,Trung bình
1078,-0.24,Kém
1079,-0.3033333333333333,Kém
1080,-0.2833333333333333,Kém
1081,-0.31666666666666665,Kém
1082,0.17333333333333334,Trung bình
1083,0.5366666666666666,Tốt
1084,-0.12333333333333334,Trung bình
1085,0.49333333333333335,Tốt
1086,0.27,Tốt
1087,-0.013333333333333345,Trung bình
1088,0.48666666666666664,Tốt
1089,-0.7733333333333334,Tệ
1090,-0.5866666666666667,Kém
1091,-0.2366666666666667,Kém
1092,0.24333333333333337,Tốt
1093,0.3833333333333333,Tốt
1094,0.3133333333333333,Tốt
1095,-0.26666666666666666,Kém
1096,0.016666666666666646,Trung bình
1097,0.09666666666666672,Trung bình
1098,0.19666666666666663,Trung bình
1099,-0.20000000000000004,Kém
1100,-0.8066666666666666,Tệ
1101,-0.16666666666666666,Trung bình
1102,0.4433333333333333,Tốt
1103,-0.27666666666666667,Kém
1104,0.3466666666666667,Tốt
1105,0.12999999999999998,Trung bình
1106,0.25666666666666665,Tốt
1107,-0.09666666666666668,Trung bình
1108,0.053333333333333344,Trung bình
1109,0.65,Xuất sắc
1110,0.39666666666666667,Tốt
1111,-0.08666666666666667,Trung bình
1112,0.25666666666666665,Tốt
1113,-0.11333333333333334,Trung bình
1114,0.36000000000000004,Tốt
1115,0.09333333333333334,Trung bình
1116,0.03999999999999998,Trung bình
1117,0.39666666666666667,Tốt
1118,-0.6033333333333334,Tệ
1119,0.38666666666666666,Tốt
1120,0.48666666666666664,Tốt
1121,-0.8266666666666667,Tệ
1122,-0.39666666666666667,Kém
1123,-0.13999999999999999,Trung bình
1124,0.06333333333333334,Trung bình
1125,-0.2833333333333333,Kém
1126,0.38000000000000006,Tốt
1127,-0.35000000000000003,Kém
1128,-0.19666666666666666,Trung bình
1129,0.1366666666666667,Trung bình
1130,-0.16333333333333333,Trung bình
1131,0.37,Tốt
1132,0.31,Tốt
1133,-0.21,Kém
1134,0.21,Tốt
1135,-0.1233333333333333,Trung bình
1136,0.18666666666666665,Trung bình
1137,-0.4333333333333333,Kém
1138,-0.2366666666666666,Kém
1139,-0.11333333333333334,Trung bình
1140,0.24,Tốt
1141,0.2733333333333334,Tốt
1142,0.22666666666666666,Tốt
1143,0.1566666666666667,Trung bình
1144,0.41333333333333333,Tốt
1145,-0.1166666666666667,Trung bình
1146,0.15,Trung bình
1147,0.42,Tốt
1148,-0.3833333333333333,Kém
1149,-0.5333333333333333,Kém
1150,-0.49333333333333335,Kém
1151,-0.046666666666666634,Trung bình
1152,-0.10333333333333335,Trung bình
1153,0.03666666666666666,Trung bình
1154,0.18000000000000002,Trung bình
1155,-0.19333333333333336,Trung bình
1156,0.08333333333333337,Trung bình
1157,0.023333333333333334,Trung bình
1158,0.7933333333333333,Xuất sắc
1159,-0.6533333333333333,Tệ
1160,-0.18666666666666668,Trung bình
1161,-0.16666666666666666,Trung bình
1162,-0.37333333333333335,Kém
1163,0.11333333333333334,Trung bình
1164,-0.7599999999999999,Tệ
1165,0.23333333333333336,Tốt
1166,-0.21666666666666667,Kém
1167,-0.26333333333333336,Kém
1168,-0.06999999999999999,Trung bình
1169,0.07999999999999997,Trung bình
1170,-0.16333333333333333,Trung bình
1171,-0.030000000000000027,Trung bình
1172,-0.2966666666666667,Kém
1173,-0.4666666666666666,Kém
1174,0.4166666666666667,Tốt
1175,0.43999999999999995,Tốt
1176,-0.36999999999999994,Kém
1177,-0.5133333333333333,Kém
1178,0.1433333333333333,Trung bình
1179,0.030000000000000027,Trung bình
1180,0.3233333333333333,Tốt
1181,-0.04,Trung bình
1182,-0.5366666666666666,Kém
1183,-0.5066666666666667,Kém
1184,0.5633333333333334,Tốt
1185,-0.05666666666666664,Trung bình
1186,0.29999999999999993,Tốt
1187,-0.4566666666666667,Kém
1188,-0.23,Kém
1189,-0.6866666666666666,Tệ
1190,0.4366666666666666,Tốt
1191,-0.0666666666666667,Trung bình
1192,-0.6933333333333334,Tệ
1193,0.5733333333333334,Tốt
1194,-0.3466666666666667,Kém
1195,-0.20000000000000004,Kém
1196,-0.48,Kém
1197,0.5333333333333333,Tốt
1198,0.033333333333333326,Trung bình
1199,0.2433333333333333,Tốt
1200,0.23666666666666666,Tốt
1201,-0.23666666666666666,Kém
1202,0.21999999999999997,Tốt
1203,-0.18000000000000002,Trung bình
1204,-0.5666666666666667,Kém
1205,0.30666666666666664,Tốt
1206,-0.01999999999999998,Trung bình
1207,-0.22333333333333336,Kém
1208,0.06,Trung bình
1209,-0.7333333333333334,Tệ
1210,-0.36000000000000004,Kém
1211,0.23666666666666666,Tốt
1212,-0.003333333333333336,Trung bình
1213,-0.3333333333333333,Kém
1214,-0.15666666666666665,Trung bình
1215,-0.19999999999999998,Trung bình
1216,0.29666666666666663,Tốt
1217,0.00999999999999999,Trung bình
1218,-0.4366666666666667,Kém
1219,0.6033333333333333,Xuất sắc
1220,-0.6233333333333334,Tệ
1221,0.03333333333333336,Trung bình
1222,-0.12999999999999998,Trung bình
1223,0.15333333333333332,Trung bình
1224,0.79,Xuất sắc
1225,-0.6433333333333333,Tệ
1226,0.3433333333333333,Tốt
1227,0.47666666666666674,Tốt
1228,0.01666666666666668,Trung bình
1229,0.21666666666666667,Tốt
1230,0.08,Trung bình
1231,-0.013333333333333345,Trung bình
1232,0.043333333333333335,Trung bình
1233,-0.3266666666666667,Kém
1234,-0.020000000000000007,Trung bình
1235,-0.2233333333333333,Kém
1236,-0.6166666666666667,Tệ
1237,0.3033333333333333,Tốt
1238,-0.19000000000000003,Trung bình
1239,0.23666666666666666,Tốt
1240,0.24666666666666667,Tốt
1241,-0.11333333333333334,Trung bình
1242,0.6566666666666666,Xuất sắc
1243,-0.8366666666666666,Tệ
1244,0.12000000000000001,Trung bình
1245,-0.19999999999999998,Trung bình
1246,0.1133333333333333,Trung bình
1247,0.26,Tốt
1248,-0.03333333333333335,Trung bình
1249,-0.30666666666666664,Kém
1250,-0.6033333333333334,Tệ
1251,-0.06666666666666667,Trung bình
1252,-0.24,Kém
1253,0.16,Trung bình
1254,0.18000000000000002,Trung bình
1255,-0.4366666666666666,Kém
1256,0.09333333333333331,Trung bình
1257,0.11666666666666665,Trung bình
1258,0.23333333333333336,Tốt
1259,0.69,Xuất sắc
1260,-0.18333333333333332,Trung bình
1261,-0.36000000000000004,Kém
1262,-0.08666666666666666,Trung bình
1263,-0.44333333333333336,Kém
1264,0.21,Tốt
1265,0.18333333333333335,Trung bình
1266,0.3333333333333333,Tốt
1267,0.6333333333333333,Xuất sắc
1268,0.7233333333333333,Xuất sắc
1269,0.7066666666666667,Xuất sắc
1270,0.2566666666666667,Tốt
1271,0.033333333333333326,Trung bình
1272,0.41999999999999993,Tốt
1273,-0.19000000000000003,Trung bình
1274,0.17,Trung bình
1275,0.4466666666666667,Tốt
1276,0.15333333333333332,Trung bình
1277,0.05999999999999998,Trung bình
1278,0.7000000000000001,Xuất sắc
1279,-0.18000000000000002,Trung bình
1280,-0.37333333333333335,Kém
1281,0.49,Tốt
1282,0.75,Xuất sắc
1283,-0.043333333333333335,Trung bình
1284,-0.2866666666666667,Kém
1285,0.11333333333333336,Trung bình
1286,-0.11333333333333333,Trung bình
1287,-0.06000000000000002,Trung bình
1288,0.3,Tốt
1289,0.009999999999999972,Trung bình
1290,-0.06999999999999999,Trung bình
1291,0.2733333333333334,Tốt
1292,0.15,Trung bình
1293,-0.24666666666666667,Kém
1294,-0.29333333333333333,Kém
1295,0.61,Xuất sắc
1296,0.4533333333333333,Tốt
1297,-0.10333333333333332,Trung bình
1298,-0.07666666666666667,Trung bình
1299,0.12,Trung bình
1300,0.006666666666666636,Trung bình
1301,-0.3866666666666667,Kém
1302,0.45,Tốt
1303,0.06999999999999999,Trung bình
1304,-0.14000000000000004,Trung bình
1305,-0.08,Trung bình
1306,0.6299999999999999,Xuất sắc
1307,0.15999999999999995,Trung bình
1308,-0.575,Kém
1309,0.3933333333333333,Tốt
1310,0.32,Tốt
1311,0.04,Trung bình
1312,-0.17333333333333334,Trung bình
1313,0.36000000000000004,Tốt
1314,0.17,Trung bình
1315,-0.22333333333333336,Kém
1316,0.5,Tốt
1317,0.12666666666666668,Trung bình
1318,-0.16333333333333336,Trung bình
1319,-0.25333333333333335,Kém
1320,0.4533333333333333,Tốt
1321,-0.18666666666666668,Trung bình
1322,0.25333333333333335,Tốt
1323,-0.17333333333333334,Trung bình
1324,0.5833333333333334,Tốt
1325,-0.3,Kém
1326,0.5499999999999999,Tốt
1327,-0.6633333333333332,Tệ
1328,-0.14,Trung bình
1329,-0.33,Kém
1330,0.22666666666666668,Tốt
1331,-0.11333333333333336,Trung bình
1332,-0.10333333333333333,Trung bình
1333,0.3933333333333333,Tốt
1334,-0.06333333333333331,Trung bình
1335,-0.64,Tệ
1336,0.18999999999999997,Trung bình
1337,-0.24666666666666667,Kém
1338,0.14666666666666667,Trung bình
1339,-0.19666666666666663,Trung bình
1340,-0.18666666666666668,Trung bình
1341,-0.22666666666666666,Kém
1342,0.5366666666666666,Tốt
1343,0.12999999999999998,Trung bình
1344,-0.25333333333333335,Kém
1345,-0.5733333333333334,Kém
1346,-0.2333333333333333,Kém
1347,-0.3,Kém
1348,-0.24333333333333332,Kém
1349,0.21333333333333335,Tốt
1350,0.20666666666666667,Tốt
1351,0.08666666666666667,Trung bình
1352,-0.03666666666666666,Trung bình
1353,-0.13999999999999999,Trung bình
1354,0.38666666666666666,Tốt
1355,0.3,Tốt
1356,-0.3166666666666667,Kém
1357,-0.5033333333333334,Kém
1358,0.19666666666666666,Trung bình
1359,-0.12666666666666665,Trung bình
1360,0.2733333333333334,Tốt
1361,-0.2866666666666667,Kém
1362,-0.07000000000000002,Trung bình
1363,0.4733333333333334,Tốt
1364,-0.2233333333333333,Kém
1365,0.25999999999999995,Tốt
1366,-0.4166666666666667,Kém
1367,-0.7200000000000001,Tệ
1368,-0.10000000000000002,Trung bình
1369,0.30999999999999994,Tốt
1370,-0.3133333333333333,Kém
1371,-0.3633333333333333,Kém
1372,0.59,Tốt
1373,0.7466666666666667,Xuất sắc
1374,0.2233333333333333,Tốt
1375,0.053333333333333344,Trung bình
1376,0.33,Tốt
1377,0.29333333333333333,Tốt
1378,0.48333333333333334,Tốt
1379,-0.5833333333333334,Kém
1380,-0.3333333333333333,Kém
1381,-0.11666666666666665,Trung bình
1382,-0.07666666666666666,Trung bình
1383,0.31,Tốt
1384,-0.6433333333333333,Tệ
1385,0.3633333333333333,Tốt
1386,0.13666666666666666,Trung bình
1387,-0.35333333333333333,Kém
1388,-0.19666666666666666,Trung bình
1389,0.3033333333333334,Tốt
1390,-0.75,Tệ
1391,0.43333333333333335,Tốt
1392,-0.26333333333333336,Kém
1393,0.3733333333333333,Tốt
1394,-0.53,Kém
1395,0.040000000000000015,Trung bình
1396,-0.35000000000000003,Kém
1397,0.3133333333333333,Tốt
1398,0.020000000000000018,Trung bình
1399,-0.23333333333333336,Kém
1400,0.17666666666666667,Trung bình
1401,0.49333333333333335,Tốt
1402,-0.16666666666666666,Trung bình
1403,-0.6366666666666666,Tệ
1404,0.26,Tốt
1405,0.6666666666666666,Xuất sắc
1406,-0.16666666666666666,Trung bình
1407,-0.3666666666666667,Kém
1408,0.39000000000000007,Tốt
1409,-0.25,Kém
1410,-0.4033333333333333,Kém
1411,-0.19666666666666666,Trung bình
1412,-0.10333333333333332,Trung bình
1413,-0.30333333333333334,Kém
1414,0.010000000000000009,Trung bình
1415,0.14666666666666667,Trung bình
1416,-0.21333333333333337,Kém
1417,0.15333333333333335,Trung bình
1418,-0.3066666666666667,Kém
1419,-0.026666666666666655,Trung bình
1420,0.4633333333333334,Tốt
1421,0.01666666666666668,Trung bình
1422,0.15,Trung bình
1423,-0.09333333333333334,Trung bình
1424,0.13333333333333333,Trung bình
1425,-0.24666666666666673,Kém
1426,0.39,Tốt
1427,-0.27999999999999997,Kém
1428,-0.21666666666666667,Kém
1429,0.59,Tốt
1430,-0.33,Kém
1431,0.04666666666666667,Trung bình
1432,-0.33,Kém
1433,-0.11666666666666665,Trung bình
1434,0.6,Tốt
1435,0.05000000000000001,Trung bình
1436,0.043333333333333335,Trung bình
1437,0.4266666666666667,Tốt
1438,0.6833333333333332,Xuất sắc
1439,-0.026666666666666655,Trung bình
1440,-0.3733333333333333,Kém
1441,0.19333333333333333,Trung bình
1442,-0.009999999999999981,Trung bình
1443,-0.07000000000000002,Trung bình
1444,0.030000000000000027,Trung bình
1445,-0.26333333333333336,Kém
1446,-0.16,Trung bình
1447,-0.4633333333333334,Kém
1448,0.39666666666666667,Tốt
1449,0.08000000000000003,Trung bình
1450,0.25333333333333335,Tốt
1451,-0.09333333333333334,Trung bình
1452,0.5433333333333333,Tốt
1453,0.27999999999999997,Tốt
1454,-0.08333333333333333,Trung bình
1455,-0.016666666666666663,Trung bình
1456,-0.24333333333333332,Kém
1457,0.19999999999999998,Trung bình
1458,0.33,Tốt
1459,-0.22666666666666666,Kém
1460,-0.3133333333333333,Kém
1461,0.023333333333333334,Trung bình
1462,0.3633333333333333,Tốt
1463,0.06666666666666665,Trung bình
1464,-0.33,Kém
1465,0.12,Trung bình
1466,-0.43,Kém
1467,0.09333333333333334,Trung bình
1468,-0.2733333333333333,Kém
1469,0.55,Tốt
1470,-0.39666666666666667,Kém
1471,0.17333333333333334,Trung bình
1472,-0.29666666666666663,Kém
1473,-0.5566666666666666,Kém
1474,-0.26,Kém
1475,-0.2333333333333333,Kém
1476,-0.07333333333333333,Trung bình
1477,0.3866666666666667,Tốt
1478,-0.2366666666666667,Kém
1479,0.06000000000000002,Trung bình
1480,-0.036666666666666625,Trung bình
1481,-0.5333333333333333,Kém
1482,0.32,Tốt
1483,-0.18666666666666665,Trung bình
1484,0.023333333333333317,Trung bình
1485,-0.04000000000000001,Trung bình
1486,0.06666666666666667,Trung bình
1487,0.3233333333333333,Tốt
1488,0.48666666666666664,Tốt
1489,-0.06666666666666665,Trung bình
1490,-0.07,Trung bình
1491,-0.5833333333333334,Kém
1492,0.43999999999999995,Tốt
1493,0.4566666666666666,Tốt
1494,0.2333333333333333,Tốt
1495,0.8233333333333334,Xuất sắc
1496,0.9033333333333333,Xuất sắc
1497,-0.32666666666666666,Kém
1498,-0.26333333333333336,Kém
1499,-0.24333333333333332,Kém
1500,0.06666666666666667,Trung bình
1501,0.6933333333333334,Xuất sắc
1502,-0.04333333333333337,Trung bình
1503,-0.18333333333333335,Trung bình
1504,0.09999999999999999,Trung bình
1505,-0.6966666666666667,Tệ
1506,0.6033333333333334,Xuất sắc
1507,0.31333333333333335,Tốt
1508,-0.43333333333333335,Kém
1509,0.38666666666666666,Tốt
1510,0.22666666666666666,Tốt
1511,0.13333333333333333,Trung bình
1512,-0.15666666666666665,Trung bình
1513,0.6466666666666666,Xuất sắc
1514,0.02999999999999999,Trung bình
1515,-0.08666666666666666,Trung bình
1516,-0.003333333333333336,Trung bình
1517,-0.25666666666666665,Kém
1518,-0.5033333333333333,Kém
1519,-0.2633333333333333,Kém
1520,-0.54,Kém
1521,0.25666666666666665,Tốt
1522,0.11666666666666665,Trung bình
1523,-0.09666666666666666,Trung bình
1524,-0.16333333333333333,Trung bình
1525,-0.26999999999999996,Kém
1526,-0.4633333333333334,Kém
1527,-0.04666666666666667,Trung bình
1528,-0.26333333333333336,Kém
1529,-0.49333333333333335,Kém
1530,-0.11000000000000003,Trung bình
1531,0.20999999999999996,Tốt
1532,-0.84,Tệ
1533,0.1566666666666667,Trung bình
1534,0.12000000000000004,Trung bình
1535,-0.13333333333333333,Trung bình
1536,0.32,Tốt
1537,0.06999999999999999,Trung bình
1538,-0.2866666666666667,Kém
1539,-0.16,Trung bình
1540,-0.12666666666666668,Trung bình
1541,-0.37666666666666665,Kém
1542,0.20666666666666664,Tốt
1543,-0.7133333333333333,Tệ
1544,-0.26333333333333336,Kém
1545,0.3733333333333333,Tốt
1546,0.1633333333333333,Trung bình
1547,-0.07333333333333332,Trung bình
1548,-0.17,Trung bình
1549,-0.023333333333333355,Trung bình
1550,0.23666666666666666,Tốt
1551,0.7766666666666667,Xuất sắc
1552,-0.3,Kém
1553,-0.67,Tệ
1554,0.27,Tốt
1555,-0.6833333333333332,Tệ
1556,-0.20666666666666667,Kém
1557,0.5833333333333334,Tốt
1558,0.22,Tốt
1559,0.42333333333333334,Tốt
1560,0.2733333333333334,Tốt
1561,-0.20999999999999996,Kém
1562,0.25000000000000006,Tốt
1563,0.08,Trung bình
1564,0.8000000000000002,Xuất sắc
1565,-0.3033333333333333,Kém
1566,-0.5399999999999999,Kém
1567,-0.09666666666666668,Trung bình
1568,0.26666666666666666,Tốt
1569,0.22666666666666666,Tốt
1570,-0.12999999999999998,Trung bình
1571,-0.04000000000000001,Trung bình
1572,0.07333333333333332,Trung bình
1573,-0.7366666666666667,Tệ
1574,-0.26333333333333336,Kém
1575,-0.18333333333333335,Trung bình
1576,-0.08333333333333333,Trung bình
1577,-0.14333333333333334,Trung bình
1578,-0.27666666666666667,Kém
1579,-0.01999999999999998,Trung bình
1580,-0.20666666666666667,Kém
1581,-0.16333333333333333,Trung bình
1582,0.2233333333333333,Tốt
1583,-0.5,Kém
1584,0.45999999999999996,Tốt
1585,-0.6066666666666666,Tệ
1586,0.33,Tốt
1587,-0.85,Tệ
1588,-0.5499999999999999,Kém
1589,0.5133333333333333,Tốt
1590,-0.08333333333333333,Trung bình
1591,-0.26333333333333336,Kém
1592,0.016666666666666663,Trung bình
1593,0.29666666666666663,Tốt
1594,0.4033333333333333,Tốt
1595,-0.3,Kém
1596,-0.39999999999999997,Kém
1597,-0.1433333333333333,Trung bình
1598,0.21999999999999997,Tốt
1599,-0.24666666666666667,Kém
1600,0.12666666666666668,Trung bình
1601,0.5466666666666667,Tốt
1602,0.26666666666666666,Tốt
1603,-0.20999999999999996,Kém
1604,0.02,Trung bình
1605,-0.7733333333333334,Tệ
1606,0.39999999999999997,Tốt
1607,0.31666666666666665,Tốt
1608,0.3466666666666667,Tốt
1609,0.08666666666666667,Trung bình
1610,-0.3,Kém
1611,-0.13333333333333333,Trung bình
1612,0.046666666666666634,Trung bình
1613,0.15666666666666662,Trung bình
1614,-0.21000000000000005,Kém
1615,0.016666666666666646,Trung bình
1616,-0.38666666666666666,Kém
1617,0.11,Trung bình
1618,-0.07999999999999996,Trung bình
1619,-0.06999999999999999,Trung bình
1620,-0.18000000000000002,Trung bình
1621,0.020000000000000018,Trung bình
1622,-0.6933333333333334,Tệ
1623,0.34,Tốt
1624,0.4666666666666666,Tốt
1625,-0.42,Kém
1626,0.34333333333333327,Tốt
1627,0.46666666666666673,Tốt
1628,-0.19333333333333333,Trung bình
1629,0.29000000000000004,Tốt
1630,-0.07000000000000002,Trung bình
1631,0.5733333333333334,Tốt
1632,0.22333333333333336,Tốt
1633,0.5466666666666666,Tốt
1634,-0.1466666666666667,Trung bình
1635,-0.36333333333333334,Kém
1636,0.06999999999999997,Trung bình
1637,0.18666666666666665,Trung bình
1638,-0.5333333333333333,Kém
1639,0.3466666666666667,Tốt
1640,-0.10333333333333332,Trung bình
1641,0.17333333333333334,Trung bình
1642,-0.11000000000000003,Trung bình
1643,-0.5166666666666667,Kém
1644,-0.06333333333333335,Trung bình
1645,-0.09666666666666668,Trung bình
1646,-0.12666666666666668,Trung bình
1647,0.05999999999999998,Trung bình
1648,-0.36000000000000004,Kém
1649,-0.04,Trung bình
1650,-0.12999999999999998,Trung bình
1651,-0.44333333333333336,Kém
1652,0.10999999999999999,Trung bình
1653,-0.12666666666666668,Trung bình
1654,0.21666666666666667,Tốt
1655,-0.16666666666666666,Trung bình
1656,0.21333333333333337,Tốt
1657,-0.3133333333333333,Kém
1658,0.26666666666666666,Tốt
1659,0.6933333333333334,Xuất sắc
1660,-0.5299999999999999,Kém
1661,-0.21666666666666665,Kém
1662,0.17666666666666667,Trung bình
1663,0.010000000000000009,Trung bình
1664,-0.06666666666666665,Trung bình
1665,-0.3133333333333334,Kém
1666,-0.25666666666666665,Kém
1667,-0.4366666666666667,Kém
1668,0.07666666666666666,Trung bình
1669,0.18333333333333335,Trung bình
1670,0.86,Xuất sắc
1671,-0.003333333333333355,Trung bình
1672,-0.6966666666666668,Tệ
1673,-0.7566666666666667,Tệ
1674,0.3566666666666667,Tốt
1675,0.5133333333333333,Tốt
1676,0.19333333333333336,Trung bình
1677,-0.10333333333333328,Trung bình
1678,-0.17333333333333334,Trung bình
1679,0.13333333333333333,Trung bình
1680,0.3033333333333333,Tốt
1681,-0.16,Trung bình
1682,0.12000000000000001,Trung bình
1683,-0.23000000000000007,Kém
1684,0.4366666666666667,Tốt
1685,-0.15333333333333332,Trung bình
1686,0.06000000000000002,Trung bình
1687,-0.13999999999999999,Trung bình
1688,0.33666666666666667,Tốt
1689,0.46,Tốt
1690,0.1366666666666667,Trung bình
1691,0.10333333333333333,Trung bình
1692,0.2800000000000001,Tốt
1693,-0.35333333333333333,Kém
1694,-0.17,Trung bình
1695,0.3333333333333333,Tốt
1696,-0.10333333333333335,Trung bình
1697,0.4766666666666666,Tốt
1698,0.32,Tốt
1699,0.14,Trung bình
1700,0.07666666666666666,Trung bình
1701,0.6533333333333333,Xuất sắc
1702,0.5233333333333333,Tốt
1703,0.3,Tốt
1704,-0.51,Kém
1705,-0.7033333333333333,Tệ
1706,-0.39999999999999997,Kém
1707,-0.5,Kém
1708,0.39666666666666667,Tốt
1709,-0.09666666666666669,Trung bình
1710,0.4033333333333333,Tốt
1711,-0.07333333333333329,Trung bình
1712,-0.15333333333333332,Trung bình
1713,-0.10666666666666667,Trung bình
1714,-0.4366666666666667,Kém
1715,-0.006666666666666654,Trung bình
1716,0.036666666666666695,Trung bình
1717,-0.030000000000000027,Trung bình
1718,0.18666666666666668,Trung bình
1719,0.12999999999999998,Trung bình
1720,0.77,Xuất sắc
1721,-0.1533333333333333,Trung bình
1722,-0.07333333333333332,Trung bình
1723,0.15333333333333335,Trung bình
1724,0.22666666666666666,Tốt
1725,0.22666666666666668,Tốt
1726,-0.20333333333333334,Kém
1727,0.36999999999999994,Tốt
1728,-0.03333333333333335,Trung bình
1729,0.2833333333333333,Tốt
1730,0.20666666666666667,Tốt
1731,-0.010000000000000009,Trung bình
1732,-0.3166666666666667,Kém
1733,-0.6066666666666667,Tệ
1734,-0.19333333333333333,Trung bình
1735,-0.5933333333333334,Kém
1736,0.03666666666666666,Trung bình
1737,-0.20666666666666667,Kém
1738,0.08999999999999998,Trung bình
1739,-0.15666666666666665,Trung bình
1740,0.33,Tốt
1741,-0.026666666666666655,Trung bình
1742,-0.5366666666666666,Kém
1743,-9.25185853854297E-18,Trung bình
1744,-0.4033333333333334,Kém
1745,0.5466666666666667,Tốt
1746,-0.15333333333333335,Trung bình
1747,0.0666666666666667,Trung bình
1748,-0.5233333333333333,Kém
1749,-0.09333333333333334,Trung bình
1750,0.08666666666666663,Trung bình
1751,0.3,Tốt
1752,0.5633333333333334,Tốt
1753,-0.5433333333333333,Kém
1754,-0.006666666666666672,Trung bình
1755,0.6166666666666667,Xuất sắc
1756,-0.53,Kém
1757,-0.1366666666666666,Trung bình
1758,-0.17666666666666667,Trung bình
1759,0.08666666666666667,Trung bình
1760,0.6766666666666667,Xuất sắc
1761,0.13999999999999999,Trung bình
1762,0.2833333333333333,Tốt
1763,0.5433333333333333,Tốt
1764,0.4666666666666666,Tốt
1765,0.10333333333333332,Trung bình
1766,-0.07333333333333333,Trung bình
1767,0.36000000000000004,Tốt
1768,-0.006666666666666672,Trung bình
1769,0.8300000000000001,Xuất sắc
1770,0.6866666666666666,Xuất sắc
1771,-0.6633333333333332,Tệ
1772,-0.35333333333333333,Kém
1773,0.13333333333333333,Trung bình
1774,-0.19000000000000003,Trung bình
1775,-0.04000000000000001,Trung bình
1776,-0.6533333333333333,Tệ
1777,-0.13333333333333333,Trung bình
1778,-0.3233333333333333,Kém
1779,0.10666666666666665,Trung bình
1780,-0.016666666666666673,Trung bình
1781,0.47666666666666674,Tốt
1782,-0.043333333333333335,Trung bình
1783,0.18666666666666665,Trung bình
1784,-0.10666666666666669,Trung bình
1785,0.0,Trung bình
1786,0.2833333333333334,Tốt
1787,0.38999999999999996,Tốt
1788,0.06333333333333334,Trung bình
1789,0.06666666666666665,Trung bình
1790,-0.14,Trung bình
1791,-0.7533333333333334,Tệ
1792,0.33,Tốt
1793,-0.29333333333333333,Kém
1794,-0.37333333333333335,Kém
1795,0.05666666666666669,Trung bình
1796,0.5966666666666666,Tốt
1797,-0.7200000000000001,Tệ
1798,0.2633333333333333,Tốt
1799,-0.7366666666666667,Tệ
1800,-0.21,Kém
1801,0.040000000000000015,Trung bình
1802,0.22666666666666668,Tốt
1803,-0.39333333333333337,Kém
1804,-0.033333333333333326,Trung bình
1805,-0.3433333333333333,Kém
1806,-0.42,Kém
1807,0.01999999999999998,Trung bình
1808,0.44333333333333336,Tốt
1809,-0.41,Kém
1810,-0.3233333333333333,Kém
1811,0.05666666666666668,Trung bình
1812,-0.59,Kém
1813,0.15666666666666668,Trung bình
1814,-0.47333333333333333,Kém
1815,0.0,Trung bình
1816,-0.19000000000000003,Trung bình
1817,0.44333333333333336,Tốt
1818,-0.24333333333333332,Kém
1819,-0.17666666666666664,Trung bình
1820,0.10000000000000002,Trung bình
1821,-0.44,Kém
1822,0.18999999999999997,Trung bình
1823,0.22999999999999998,Tốt
1824,-0.12333333333333336,Trung bình
1825,-0.39999999999999997,Kém
1826,0.33666666666666667,Tốt
1827,-0.2066666666666667,Kém
1828,0.12333333333333335,Trung bình
1829,-0.5066666666666667,Kém
1830,-0.07666666666666667,Trung bình
1831,-0.44333333333333336,Kém
1832,0.22666666666666668,Tốt
1833,0.2233333333333333,Tốt
1834,-0.006666666666666672,Trung bình
1835,-0.41,Kém
1836,0.16666666666666666,Trung bình
1837,0.35000000000000003,Tốt
1838,0.043333333333333335,Trung bình
1839,-0.2233333333333333,Kém
1840,0.30666666666666664,Tốt
1841,-0.11333333333333333,Trung bình
1842,0.13999999999999999,Trung bình
1843,0.17,Trung bình
1844,-0.05666666666666667,Trung bình
1845,0.33,Tốt
1846,0.9066666666666666,Xuất sắc
1847,-0.33,Kém
1848,-0.2233333333333333,Kém
1849,-0.31000000000000005,Kém
1850,-0.29666666666666663,Kém
1851,-0.43999999999999995,Kém
1852,-0.02,Trung bình
1853,-0.75,Tệ
1854,0.12333333333333334,Trung bình
1855,-0.17,Trung bình
1856,-0.26999999999999996,Kém
1857,-0.3666666666666667,Kém
1858,0.39666666666666667,Tốt
1859,0.7333333333333334,Xuất sắc
1860,0.003333333333333336,Trung bình
1861,0.62,Xuất sắc
1862,-0.10000000000000002,Trung bình
1863,0.08333333333333333,Trung bình
1864,-0.20333333333333334,Kém
1865,0.26666666666666666,Tốt
1866,0.20000000000000004,Tốt
1867,0.5,Tốt
1868,0.45999999999999996,Tốt
1869,0.13,Trung bình
1870,0.08999999999999998,Trung bình
1871,-0.016666666666666673,Trung bình
1872,0.20333333333333334,Tốt
1873,0.0033333333333332993,Trung bình
1874,-0.2866666666666667,Kém
1875,0.5866666666666667,Tốt
1876,0.16,Trung bình
1877,0.37999999999999995,Tốt
1878,0.4566666666666667,Tốt
1879,0.09000000000000001,Trung bình
1880,-0.006666666666666672,Trung bình
1881,0.04666666666666669,Trung bình
1882,0.28,Tốt
1883,-0.1733333333333333,Trung bình
1884,0.11999999999999995,Trung bình
1885,0.003333333333333318,Trung bình
1886,0.10666666666666669,Trung bình
1887,-0.23,Kém
1888,0.2933333333333333,Tốt
1889,0.3933333333333333,Tốt
1890,-0.49333333333333335,Kém
1891,0.27,Tốt
1892,0.04,Trung bình
1893,0.53,Tốt
1894,-0.21999999999999997,Kém
1895,0.40666666666666657,Tốt
1896,-0.3033333333333333,Kém
1897,0.08666666666666667,Trung bình
1898,-0.18000000000000002,Trung bình
1899,0.0833333333333333,Trung bình
1900,-0.043333333333333335,Trung bình
1901,-0.43333333333333335,Kém
1902,0.3233333333333333,Tốt
1903,0.15,Trung bình
1904,-0.09999999999999998,Trung bình
1905,0.2333333333333333,Tốt
1906,-0.04,Trung bình
1907,-0.12,Trung bình
1908,-0.52,Kém
1909,-0.06333333333333331,Trung bình
1910,-0.15666666666666665,Trung bình
1911,0.030000000000000027,Trung bình
1912,-0.12333333333333334,Trung bình
1913,-0.036666666666666646,Trung bình
1914,0.195,Trung bình
1915,-0.1266666666666667,Trung bình
1916,-0.15,Trung bình
1917,0.4366666666666667,Tốt
1918,0.36333333333333334,Tốt
1919,-0.30333333333333334,Kém
1920,-0.09333333333333334,Trung bình
1921,-0.48333333333333334,Kém
1922,0.4666666666666666,Tốt
1923,-0.05333333333333334,Trung bình
1924,0.060000000000000026,Trung bình
1925,-0.5166666666666667,Kém
1926,-0.3833333333333333,Kém
1927,-0.45,Kém
1928,-0.4466666666666666,Kém
1929,-0.54,Kém
1930,0.5166666666666666,Tốt
1931,0.20666666666666667,Tốt
1932,-0.033333333333333326,Trung bình
1933,-0.3466666666666667,Kém
1934,0.026666666666666672,Trung bình
1935,-0.003333333333333336,Trung bình
1936,-0.2733333333333333,Kém
1937,0.6066666666666667,Xuất sắc
1938,-0.09000000000000001,Trung bình
1939,-0.24666666666666667,Kém
1940,-0.18666666666666668,Trung bình
1941,-0.8266666666666667,Tệ
1942,-0.26,Kém
1943,0.18999999999999997,Trung bình
1944,0.006666666666666672,Trung bình
1945,0.43333333333333335,Tốt
1946,-0.04,Trung bình
1947,-0.15,Trung bình
1948,0.28333333333333327,Tốt
1949,-0.7733333333333334,Tệ
1950,-0.25666666666666665,Kém
1951,0.09000000000000001,Trung bình
1952,-0.2966666666666667,Kém
1953,0.2233333333333333,Tốt
1954,-0.3433333333333333,Kém
1955,-0.4533333333333333,Kém
1956,0.13333333333333333,Trung bình
1957,-0.35000000000000003,Kém
1958,0.2933333333333333,Tốt
1959,-0.38333333333333336,Kém
1960,0.03000000000000001,Trung bình
1961,-0.56,Kém
1962,0.023333333333333334,Trung bình
1963,0.19999999999999998,Trung bình
1964,0.4166666666666667,Tốt
1965,0.25333333333333335,Tốt
1966,-0.10666666666666665,Trung bình
1967,0.24666666666666667,Tốt
1968,-0.5266666666666667,Kém
1969,-0.6633333333333333,Tệ
1970,-0.37000000000000005,Kém
1971,-0.19000000000000003,Trung bình
1972,0.5666666666666668,Tốt
1973,-0.21333333333333335,Kém
1974,-0.3833333333333333,Kém
1975,-0.4000000000000001,Kém
1976,-0.5066666666666667,Kém
1977,-0.54,Kém
1978,0.04,Trung bình
1979,0.13333333333333333,Trung bình
