restaurant_id,rating_hien_tai
1,3.691384408303131
2,4.8330940119129755
3,2.5729939908094734
4,3.683643486777669
5,3.7358969330308214
6,3.57048431188543
7,1.8240838432862068
8,3.187528420555726
9,3.962676962676963
10,4.176542837974484
11,3.7327188940092166
12,4.233817183209101
13,3.0516189582355704
14,3.793084370677732
15,3.7185217017619254
16,2.3310679611650484
17,2.4093959731543624
18,4.341027953110911
19,2.60832137733142
20,2.873462214411248
21,3.5518987341772155
22,3.1622911694510742
23,1.6033171218356403
24,2.870967741935484
25,2.551440329218107
26,3.6396648044692737
27,2.465009810333551
28,4.574970484061392
29,2.0833333333333335
30,1.4755944931163953
31,2.23006416131989
32,2.669565217391304
33,1.8596491228070173
34,2.2950231654461217
35,3.0838052095130237
36,3.0588625802168625
37,1.8029863127333057
38,4.364485981308412
39,4.703853955375254
40,2.8538812785388123
41,1.8385093167701865
42,3.251150399612497
43,1.6410256410256407
44,1.8366124893071
45,3.793103448275862
46,3.165365181442352
47,4.0
48,4.283697047496791
49,2.6655245123879805
50,3.9400921658986183
51,3.3602015113350125
52,4.2530949105914715
53,3.8661559260928353
54,4.350594227504245
55,2.9146666666666667
56,3.9511111111111106
57,2.805869074492099
58,1.1793641271745652
59,3.1840228245363766
60,4.7789757412398925
61,1.6901408450704225
62,2.1297709923664123
63,2.797202797202797
64,3.0486202365308803
65,1.4170225298188779
66,2.7516778523489935
67,4.035330261136713
68,3.2160564020923355
69,2.0427520381785644
70,2.9211356466876968
71,2.8289473684210527
72,2.0148048452220726
73,3.0000000000000004
74,1.9566433566433568
75,3.07909604519774
76,3.716773602199816
77,3.8259109311740898
78,1.8676789587852494
79,2.264705882352941
80,2.1401547721410146
81,3.1538461538461533
82,2.949485041687101
83,1.6018930957683741
84,2.398959236773634
85,3.0000000000000004
86,2.658862876254181
87,2.6517954298150164
88,2.9955947136563874
89,2.2848101265822787
90,2.380952380952381
91,1.9409937888198758
92,2.977777777777778
93,4.376561254318363
94,3.3928571428571432
95,3.1725601131541725
96,3.169717138103162
97,2.6583506583506584
98,3.9729529455353836
99,3.054764512595838
100,2.710791366906475
101,2.25
102,2.9245283018867925
103,4.823529411764706
104,1.8786610878661085
105,3.7701453104359315
106,3.8680073126142593
107,2.891808346213292
108,3.2619047619047614
109,4.558508579538124
110,1.5487950369840136
111,3.6904441453566625
112,3.9251336898395723
113,2.8319299427416635
114,1.3461863214185192
115,2.1934561626429483
116,1.8564231738035262
117,2.882374496152437
118,2.2857142857142856
119,3.7479541734860886
120,3.3532804614275418
121,2.8318227593152066
122,1.8823529411764706
123,2.8918918918918917
124,2.6380368098159512
125,3.1666666666666665
126,3.732444444444445
127,3.462686567164179
128,2.927710843373494
129,2.2151123213070116
130,1.4444444444444442
131,4.009605122732124
132,3.0402684563758395
133,2.055734372353041
134,1.9331395348837208
135,2.1910828025477707
136,4.048543689320388
137,2.7627118644067803
138,3.6219895287958117
139,1.8016597510373442
140,4.534412955465587
141,1.6195652173913044
142,3.4049787492410437
143,1.1143862736471624
144,1.2066115702479339
145,3.526726379659058
146,2.2952548330404223
147,4.559344262295081
148,2.5702247191011236
149,3.116731517509728
150,4.321100917431193
151,4.847984644913628
152,4.086601632490543
153,2.608298345270437
154,2.402826855123675
155,4.366965329178029
156,4.68621236133122
157,3.7209302325581395
158,4.006592058868619
159,1.3631051752921532
160,1.147887323943662
161,3.4745762711864407
162,3.975355450236967
163,2.315424610051993
164,4.0
165,3.3458162668227036
166,1.4257124211442245
167,2.515892420537897
168,2.5410334346504557
169,4.0
170,3.4334365325077396
171,2.634740966478015
172,1.5769230769230769
173,4.590823381521056
174,4.735159817351598
175,3.2678868552412648
176,3.2167721518987342
177,3.8254292722812755
178,2.0377358490566038
179,1.232604373757455
180,2.5388436594452877
181,2.487864077669903
182,2.0
183,3.6188925081433223
184,3.895678092399404
185,3.6472148541114056
186,3.2631578947368425
187,1.176470588235294
188,4.5670969678775135
189,3.859675594115428
190,2.3354786806114234
191,3.9737357898863186
192,2.7601637905820415
193,2.9162371134020617
194,3.2392964591529743
195,2.7495188749074755
196,2.897555616588849
197,2.0
198,3.4847801578354
199,4.48876839659179
200,4.199203187250996
201,3.697813121272366
202,4.4
203,4.0
204,5.0
205,3.9189189189189193
206,2.25
207,2.2694610778443116
208,3.4495466510675636
209,1.987654320987654
210,3.4951456310679614
211,4.848453340265141
212,2.752473587120577
213,4.897435897435898
214,3.1543798785776236
215,3.3926767676767677
216,3.053462940461726
217,4.256449165402125
218,3.884615384615384
219,2.5095541401273884
220,1.6981132075471697
221,2.8601767167880943
222,1.6037735849056605
223,4.038834951456311
224,2.964856230031949
225,4.228953579858379
226,2.310819262038774
227,4.244151169766047
228,3.063432835820896
229,3.4964412811387895
230,2.444866920152092
231,2.2653061224489797
232,2.8493723849372388
233,2.7062386432465173
234,3.413407821229051
235,3.3637887678122382
236,3.8000000000000003
237,3.526315789473684
238,1.55413584398117
239,4.480066791901482
240,3.9577464788732395
241,3.068702290076336
242,3.834834834834835
243,2.3480947476828016
244,1.7613338328962158
245,1.2675585284280937
246,4.029111179931868
247,2.3350970017636685
248,2.1479591836734695
249,4.311158798283262
250,4.734559789750329
251,1.6974303293521535
252,4.753130590339893
253,2.0
254,2.7968750000000004
255,1.0
256,4.6131013306038895
257,4.098065376917946
258,4.041322314049586
259,2.2807017543859653
260,2.6187050359712227
261,2.1410048622366284
262,1.857904085257549
263,2.441347270615563
264,4.198717948717948
265,3.6882210893480014
266,4.0932607215793055
267,3.098976109215017
268,2.4563106796116507
269,2.3333333333333335
270,3.8915304606240717
271,1.326996197718631
272,2.6546351596987794
273,2.3961823139851965
274,1.956521739130435
275,3.0396039603960396
276,3.667736757624398
277,3.24314765694076
278,4.03690036900369
279,3.923740354062642
280,3.7668161434977576
281,1.3334619837900423
282,3.979116465863454
283,4.59322033898305
284,3.1193809874723657
285,2.6644067796610167
286,1.352112676056338
287,3.186608122941822
288,2.9009900990099013
289,4.448435689455388
290,3.203342618384401
291,2.8662041625371657
292,3.207547169811321
293,3.9536266349583826
294,2.633675501761912
295,4.0
296,2.4566929133858273
297,1.9279528922757188
298,3.661654135338346
299,2.571189279731993
300,3.3016241299303943
301,2.2622169249106077
302,1.3742071881606766
303,3.7777777777777772
304,3.2178217821782176
305,3.0029069767441863
306,2.574226152874289
307,1.5337293169282988
308,2.229621125143513
309,2.6950620173180435
310,3.604221635883905
311,2.0
312,4.503759398496241
313,3.595541401273885
314,2.1071237279057313
315,2.0
316,3.909090909090909
317,1.677756852898096
318,4.01038062283737
319,3.4324324324324325
320,4.259740259740259
321,4.803245436105477
322,1.4808184143222507
323,4.893219650832318
324,2.296296296296296
325,2.021853805576488
326,3.4444444444444446
327,3.444064901793339
328,2.9112681586179816
329,3.0861450107681265
330,3.659962953162212
331,3.1161016949152547
332,2.0
333,2.729244577412117
334,2.008403361344538
335,2.5757575757575752
336,2.0
337,4.714697406340058
338,3.485981308411215
339,2.9064687762531496
340,2.3080568720379144
341,2.6371308016877637
342,3.858954041204437
343,2.03448275862069
344,2.9318801089918254
345,3.3786407766990294
346,3.6641366223908913
347,1.4910242872228088
348,3.1095890410958904
349,2.8041002277904328
350,1.8088642659279779
351,2.9607843137254903
352,1.849315068493151
353,4.825850340136055
354,2.65553235908142
355,1.7924528301886793
356,3.623087621696801
357,3.3046532045654082
358,4.253776435045317
359,1.0
360,1.8526187576126678
361,3.557692307692308
362,4.593288590604026
363,2.5568685376661744
364,3.435546875
365,1.2059357964869777
366,3.293462746217528
367,1.385814889336016
368,4.865450961064564
369,2.613851519681116
370,2.6660117878192535
371,2.2438109527381846
372,3.784272051009564
373,2.0458963282937366
374,3.4871406959152798
375,4.178361006963042
376,4.338983050847458
377,4.679104477611941
378,2.902372881355932
379,2.0
380,4.651661307609861
381,3.077024070021882
382,2.5918677239750294
383,4.430012610340479
384,2.133675398325682
385,3.8671442526864213
386,1.3834611537179058
387,3.7272727272727284
388,3.090909090909091
389,3.224355128974205
390,2.19280205655527
391,3.763779527559055
392,2.1906283280085197
393,4.166441136671177
394,2.7706422018348618
395,1.4876299749013984
396,2.1434415750447458
397,3.600397614314115
398,2.28
399,2.3666283084004602
400,2.244746600741656
401,3.12904627416902
402,3.417085427135678
403,2.5225933202357567
404,3.7699067909454063
405,4.387925881649731
406,3.4132231404958677
407,2.5014836795252227
408,2.6741774675972083
409,3.6533782034688067
410,2.7816362566215425
411,2.6877323420074353
412,1.6270158689201395
413,1.7866754184443712
414,2.0478087649402394
415,1.4547437295528902
416,5.000000000000001
417,2.4285714285714284
418,2.554054054054054
419,3.8007279344858964
420,2.987951807228915
421,3.544747081712062
422,1.9827682045580877
423,3.1732451461489224
424,2.143230869849575
425,3.297234125438255
426,3.1128801796284957
427,2.51436515291937
428,3.6808733991182025
429,3.262782401902497
430,4.10010764262648
431,4.21875
432,4.913366336633663
433,2.6319999999999997
434,1.4179104477611941
435,2.0198602427363
436,3.1588785046728973
437,2.9919924634950545
438,4.297520661157025
439,1.8741204065676311
440,2.8596491228070176
441,4.112087912087912
442,2.940527283874923
443,2.185185185185185
444,3.4095722734149354
445,4.888888888888888
446,1.9209192294694155
447,3.6896551724137927
448,1.673902069661787
449,2.7738141905135243
450,2.827655310621242
451,3.520505809979494
452,3.7877947295423025
453,3.5625000000000004
454,3.4153354632587862
455,4.0886075949367084
456,3.9409368635437882
457,2.878183831672204
458,1.8624999999999996
459,4.21047526673133
460,2.0687693898655635
461,2.1609599063506
462,1.7625649913344885
463,1.4673157162726007
464,2.085664335664336
465,1.178343949044586
466,3.8384279475982535
467,3.3455319148936167
468,2.032967032967033
469,1.6290491118077324
470,4.319075144508671
471,4.10948905109489
472,1.2529002320185616
473,2.5555555555555554
474,3.0602409638554215
475,3.351906158357772
476,1.1059290498635574
477,2.8017241379310343
478,1.2837885775097553
479,3.9382911392405062
480,2.5997116770783277
481,3.3031269942565418
482,2.493273542600897
483,2.588235294117647
484,1.613682092555332
485,1.3855258708150153
486,2.5454545454545454
487,3.906714505381856
488,2.743863393810032
489,2.624322697170379
490,3.057601166605906
491,3.679089026915114
492,4.2108229988726045
493,4.0503597122302155
494,2.049826989619377
495,4.591070723034373
496,4.0132325141776946
497,1.8450704225352113
498,2.4534534534534536
499,3.831918505942275
500,3.103858427618219
501,1.113913751017087
502,3.941690962099125
503,1.2306843267108167
504,4.285465318926455
505,3.0360403652090344
506,2.8993963782696177
507,3.8078602620087336
508,3.5215079748670854
509,2.8056537102473498
510,4.579621916052547
511,3.0322580645161286
512,2.2912621359223295
513,1.6363636363636362
514,4.999999999999999
515,4.410977242302543
516,3.2102624594514895
517,3.7653985507246377
518,2.8292682926829267
519,1.7901234567901232
520,2.0
521,3.1250000000000004
522,2.4223107569721116
523,4.875259875259875
524,2.054509415262636
525,2.5123339658444026
526,3.884615384615384
527,2.1551874455100264
528,3.0280373831775704
529,1.5646699732926366
530,2.3053435114503817
531,4.901639344262295
532,2.2588235294117647
533,3.2472324723247232
534,1.5272439520687318
535,2.208211143695015
536,2.8423645320197046
537,4.0
538,1.5189189189189187
539,3.3389830508474576
540,3.5240328253223914
541,3.5111360358916843
542,3.7552870090634443
543,3.204081632653061
544,3.3419798835362626
545,3.494117647058823
546,3.450602409638554
547,2.010675039246468
548,2.301913205786281
549,2.012829169480081
550,3.643015521064301
551,3.9915966386554618
552,2.5565669700910276
553,5.000000000000001
554,4.1161874753840095
555,3.285714285714285
556,2.9761336515513124
557,1.2220804084237398
558,4.2425021422450735
559,1.5641748942172071
560,2.9041029376062153
561,2.0
562,3.8739851747264384
563,3.217522658610272
564,3.0
565,2.283367556468172
566,1.4271896829661472
567,3.2436757872999484
568,2.2025316455696204
569,4.0
570,1.0
571,3.885714285714286
572,3.290015360983103
573,3.4684731631057844
574,2.270321361058601
575,3.0
576,2.9764150943396226
577,3.565432468895218
578,3.0922473012757608
579,4.598930481283422
580,2.667336683417085
581,4.651685393258427
582,4.5245352026821095
583,2.4069660861594864
584,3.7222222222222223
585,1.487099296325254
586,4.580645161290323
587,3.085240726124704
588,3.8034782608695656
589,4.423044096728307
590,2.4965293845441927
591,3.0088105726872247
592,3.8421052631578947
593,3.569784172661871
594,4.626998223801066
595,2.8117421825143585
596,3.1876075731497417
597,3.0554962646744936
598,2.319502074688797
599,2.849235251274581
600,1.5031725888324872
601,2.2004110996916753
602,2.435382685069009
603,2.4177215189873418
604,4.610899182561309
605,4.0
606,3.3076923076923075
607,4.036144578313253
608,4.5068807339449535
609,2.961862852951962
610,2.0
611,2.1475409836065578
612,3.576271186440678
613,1.143646408839779
614,2.6231884057971016
615,3.898797301261367
616,4.407407407407407
617,3.8238269176735034
618,2.4397163120567376
619,1.543046357615894
620,4.526315789473684
621,2.993288590604027
622,4.887240356083086
623,3.4042126379137416
624,2.2911903160726292
625,4.477987421383648
626,3.75
627,4.069212410501194
628,2.5335803612783696
629,1.4285714285714284
630,2.3408239700374533
631,3.1735241502683365
632,2.7943963741244335
633,3.64958283671037
634,4.737967914438502
635,1.4147465437788018
636,1.8339768339768343
637,4.0
638,2.463768115942029
639,3.551145038167939
640,1.6702127659574466
641,2.3377074488614435
642,1.9961277831558568
643,3.838323353293413
644,1.8646616541353385
645,2.18698441796517
646,2.2363636363636363
647,4.145580589254766
648,4.511402902557014
649,4.842105263157895
650,3.859154929577465
651,2.0146341463414634
652,2.258064516129032
653,2.238095238095238
654,2.6072800438997623
655,3.049289099526066
656,5.000000000000001
657,3.2273024167210975
658,4.021739130434782
659,2.871559633027523
660,1.687732342007435
661,3.1200000000000006
662,1.724985020970641
663,3.121896162528217
664,1.4158836010912401
665,2.635451505016722
666,2.5195926499889305
667,1.5025153717160427
668,2.841463414634146
669,3.474576271186441
670,3.2702702702702697
671,3.996742671009772
672,3.190243902439024
673,2.087818696883853
674,3.739507959479016
675,3.0713708591435496
676,4.420454545454545
677,4.071197411003236
678,3.642882373719534
679,3.1422680412371133
680,3.86053412462908
681,3.4383561643835616
682,1.3280575539568344
683,1.1517857142857142
684,1.8635299913782488
685,3.964285714285714
686,2.6158536585365852
687,3.7875231624459547
688,1.389483933787731
689,3.3469387755102042
690,1.3005181347150259
691,3.0
692,3.6118546845124286
693,1.637037037037037
694,2.462686567164179
695,4.809676129548181
696,1.8005865102639294
697,3.111587982832618
698,3.209668025626092
699,2.26107652874405
700,3.2012336160370083
701,4.026490066225165
702,3.869308101714962
703,4.395139513951395
704,2.414709877741122
705,1.3895348837209303
706,2.1187453323375656
707,3.8110707416114553
708,4.978283350568769
709,2.633652822151225
710,2.195106844224218
711,1.4628501827040195
712,3.5112016293279025
713,3.294188136608748
714,3.213483146067416
715,3.347826086956522
716,3.7769272826681246
717,3.9396984924623113
718,1.2355580482333146
719,3.445344129554656
720,2.4599406528189913
721,1.4988972209969122
722,3.195219123505976
723,1.8913043478260871
724,3.863354037267081
725,3.886405959031657
726,1.6501766784452296
727,1.0
728,2.1318414011189493
729,2.6777493606138107
730,2.5142857142857142
731,1.6622436670687575
732,3.69811320754717
733,1.7619047619047619
734,3.100616016427105
735,3.4102564102564106
736,2.8432122370936908
737,3.3686635944700463
738,2.0
739,3.676579925650558
740,3.0971993410214167
741,2.201264488935722
742,3.0845005740528126
743,2.4266862170087977
744,4.506506506506507
745,3.386363636363636
746,2.396761133603239
747,2.8944606413994167
748,1.7511737089201878
749,2.5222348916761685
750,2.4631203729092404
751,3.7954545454545454
752,3.3377245508982036
753,1.3822843822843822
754,2.152542372881356
755,1.9849785407725322
756,2.2735849056603774
757,2.158250910983863
758,2.036734693877551
759,4.157503714710253
760,3.6839067190025405
761,2.002028397565923
762,4.548387096774194
763,2.0
764,2.256495669553631
765,2.939325842696629
766,3.7500000000000004
767,1.9395973154362414
768,1.99438202247191
769,4.123276561232765
770,3.57745947983415
771,2.1363636363636362
772,2.01010101010101
773,1.02803738317757
774,3.8637873754152823
775,2.5878378378378373
776,2.1356196414653157
777,3.1040462427745665
778,2.9415692821368946
779,4.580014482259233
780,4.88715953307393
781,1.212987012987013
782,2.3597202352567157
783,1.5217391304347825
784,3.454396504642272
785,2.3987667009249742
786,2.981651376146789
787,1.8109010011123474
788,3.342105263157895
789,2.174568965517241
790,2.2620882971268395
791,3.5958904109589045
792,3.047322540473225
793,2.1486676016830297
794,1.6913370541130792
795,2.3714531384350814
796,4.3895870736086176
797,2.2170422970052486
798,2.617021276595745
799,4.250924784217016
800,4.574257425742574
801,2.8709677419354844
802,3.0000000000000004
803,5.0
804,3.682092555331992
805,3.579710144927537
806,2.4947368421052634
807,1.9133858267716533
808,2.7313019390581714
809,3.0318661621191
810,3.5264992013939302
811,1.9344262295081966
812,4.831181727904667
813,3.8850488354620585
814,4.757529546321006
815,1.7748344370860927
816,4.999999999999999
817,3.116305587229191
818,3.449180327868852
819,4.371335504885994
820,3.3421052631578947
821,4.414344991108477
822,2.907692307692308
823,1.1666666666666665
824,4.1394366197183095
825,2.888482632541133
826,2.569424964936886
827,2.979190751445086
828,3.939024390243902
829,3.1559345631743825
830,3.223130841121495
831,2.44141689373297
832,3.1856518385188997
833,4.64367816091954
834,2.229636048526863
835,2.1919835175126425
836,4.780172413793103
837,2.984702549575071
838,2.352941176470588
839,2.605690376569037
840,3.297227356746765
841,2.6893581550430676
842,3.4708249496981893
843,3.5398230088495577
844,4.003142677561282
845,2.607502287282708
846,2.3604193971166447
847,3.829369183040331
848,2.7977099236641223
849,2.5180265654648957
850,1.0622182146077548
851,3.319444444444444
852,3.3012552301255234
853,3.0619469026548676
854,3.072093023255814
855,3.2222222222222223
856,3.930817610062893
857,3.0571428571428574
858,4.781052631578946
859,3.899696048632219
860,1.3185035389282103
861,2.2913553895410885
862,3.820568927789934
863,2.977130977130977
864,4.4620976116303215
865,3.3200842326928144
866,4.335616438356164
867,2.8766006984866124
868,3.4748603351955305
869,3.130434782608696
870,3.2
871,2.9193976970770597
872,2.4560669456066946
873,2.1155866900175133
874,4.069343065693431
875,2.8208563938246436
876,4.741758241758242
877,2.6794520547945204
878,3.728097397947004
879,1.0
880,4.999999999999999
881,3.974019088016967
882,2.6157495256166983
883,3.501152959262106
884,1.8967772069126576
885,3.63206106870229
886,3.0803921568627444
887,4.226515002941753
888,1.8793103448275863
889,2.3345521023766
890,3.0817334064728477
891,3.769230769230769
892,3.034013605442177
893,1.7115489874110565
894,1.0
895,4.254901960784314
896,2.4379562043795624
897,3.444015444015444
898,3.881254667662435
899,3.088235294117647
900,2.3023639362286974
901,2.4973177031591494
902,1.3888195657599203
903,2.4007764670748095
904,3.0539609644087258
905,4.399588053553038
906,3.109640831758034
907,4.313387860525183
908,2.5
909,2.255404323458767
910,1.5578747628083491
911,2.0795454545454546
912,4.3041888297872335
913,3.8684210526315788
914,2.9353176874642246
915,1.1607142857142858
916,4.188841201716738
917,1.0
918,3.1481581070180154
919,3.5842696629213484
920,4.296296296296297
921,1.866030692658648
922,1.44432936302434
923,2.0
924,1.9333333333333336
925,2.9999999999999996
926,1.2093023255813953
927,1.9670378619153677
928,3.911111111111111
929,1.4914542728635682
930,2.513005408189544
931,3.4585987261146505
932,2.1080277502477696
933,1.7797029702970295
934,1.7073928349554772
935,3.728068256399037
936,2.3044982698961936
937,2.0
938,4.276629570747218
939,2.316017316017316
940,1.5421686746987955
941,1.7384615384615385
942,3.427480916030534
943,3.784940102681118
944,3.383228133453562
945,3.919463087248322
946,3.4130434782608696
947,2.7869822485207103
948,3.0031567870922484
949,4.546441495778046
950,3.476301930953774
951,2.670021567217829
952,2.47414420975965
953,3.382865807429871
954,3.188383045525903
955,2.892966360856269
956,3.0048076923076925
957,3.673704414587332
958,3.7191011235955065
959,2.3022508038585205
960,4.485438843141193
961,3.054229934924078
962,3.2668240850059025
963,3.0200519866320095
964,4.2700729927007295
965,2.785423120821784
966,4.848443843031123
967,1.0
968,3.323076923076923
969,3.503062474479379
970,2.310819262038774
971,3.7499302260675407
972,3.309299056035349
973,4.56548069644209
974,3.519337016574586
975,3.1809815950920246
976,2.2245989304812834
977,3.157894736842105
978,2.055916125811283
979,2.5303643724696356
980,4.637268847795164
981,4.0
982,3.2297592997811813
983,4.1099947117927025
984,4.327421555252387
985,4.711864406779661
986,1.7983193277310925
987,1.6794362125045175
988,3.9149081007488085
989,1.6151419558359619
990,1.986312084473993
991,2.974819477874467
992,3.3576890399320307
993,3.8433179723502304
994,4.139055570049569
995,1.9069767441860468
996,3.6571428571428575
997,3.9115795236791677
998,4.467866323907455
999,2.645569620253165
1000,2.58603823921743
1001,3.7906976744186047
1002,3.1817116060961315
1003,2.890798346747879
1004,4.800259824618382
1005,1.4413854351687387
1006,3.4984241332733004
1007,3.007874015748032
1008,3.6586985391766267
1009,4.500099661152084
1010,2.6710630440517016
1011,5.0
1012,2.7835311947461476
1013,4.181360201511335
1014,3.698450536352801
1015,3.348640056517132
1016,1.236842105263158
1017,1.3145478374836173
1018,3.3194945848375457
1019,1.9757700205338808
1020,4.41318522096112
1021,3.4875444839857654
1022,3.614003590664273
1023,2.8501628664495113
1024,4.195379537953795
1025,4.176252319109461
1026,4.235899950956351
1027,1.7493160905247451
1028,3.4561403508771926
1029,3.2177077016373565
1030,4.0
1031,1.7123287671232876
1032,1.254416961130742
1033,2.1877729257641922
1034,4.258278145695364
1035,4.428083361803894
1036,1.2905263157894737
1037,1.6995073891625614
1038,3.7
1039,2.864077669902913
1040,1.9498505479907005
1041,3.787072243346008
1042,4.589129164231443
1043,2.621010948054973
1044,2.904862579281184
1045,2.158429248476642
1046,3.4754098360655736
1047,2.062966915688367
1048,4.826792963464141
1049,4.517241379310344
1050,2.1444379732090852
1051,1.8173190984578884
1052,1.3041894353369765
1053,1.1481136469492317
1054,2.4436581382689164
1055,1.261111111111111
1056,3.619959491806297
1057,3.201900237529691
1058,3.530434782608696
1059,3.087865115174543
1060,3.0715268225584595
1061,3.279086625588982
1062,3.775510204081632
1063,2.0081213934601414
1064,2.255896607431341
1065,1.6524329692154915
1066,4.71608832807571
1067,2.324324324324324
1068,2.005586592178771
1069,3.0096967196203837
1070,3.1981428785382655
1071,2.062953995157385
1072,4.490217998882057
1073,3.597651840144502
1074,1.6666666666666665
1075,2.816194912217843
1076,4.720620842572062
1077,2.463806970509383
1078,2.399839098954143
1079,2.1794871794871793
1080,1.4156905475347317
1081,2.508970727101038
1082,2.302325581395349
1083,4.595330739299611
1084,2.6512419190200744
1085,3.942307692307692
1086,3.902912621359224
1087,3.929405225125069
1088,4.0
1089,1.0
1090,1.5586279313965699
1091,2.0607734806629834
1092,3.9087428206764514
1093,4.0
1094,3.969404186795491
1095,2.4857369255150554
1096,3.0245950809838034
1097,4.780612244897959
1098,3.4790922462702247
1099,2.3636363636363638
1100,1.0
1101,1.8066759388038944
1102,4.635036496350365
1103,2.2954545454545454
1104,4.147880041365046
1105,3.44
1106,3.8510638297872335
1107,2.9397430217102345
1108,3.6323024054982818
1109,4.675150060024009
1110,3.4218258132214063
1111,2.0728476821192054
1112,2.8195383539286545
1113,2.7427413909520597
1114,3.915283342873497
1115,2.39791329375787
1116,3.5953757225433525
1117,3.9705882352941178
1118,1.8219178082191783
1119,4.296296296296297
1120,4.389409056024559
1121,1.3414634146341464
1122,3.492805755395684
1123,2.490896830748483
1124,2.0851063829787235
1125,2.3065145601921344
1126,3.40139009556907
1127,2.5060240963855422
1128,2.0442477876106193
1129,3.8902439024390247
1130,1.568733153638814
1131,3.130434782608696
1132,4.0
1133,2.590673575129534
1134,2.837976853836262
1135,1.7472041612483744
1136,3.975541967759867
1137,1.7634247089748405
1138,4.771043771043772
1139,3.204241948153967
1140,3.566037735849056
1141,4.142857142857143
1142,4.14720812182741
1143,1.5098572399728079
1144,4.060620356174077
1145,2.961547704878635
1146,3.5538116591928253
1147,4.111427048160653
1148,2.050709939148073
1149,1.5407725321888415
1150,1.2491349480968859
1151,2.1358024691358026
1152,1.8989247311827955
1153,2.816326530612245
1154,3.252442996742671
1155,1.323785803237858
1156,3.575474841719427
1157,2.3716814159292037
1158,5.0
1159,1.8466757123473538
1160,2.4879459980713596
1161,2.69060773480663
1162,2.3422818791946307
1163,2.5392226148409893
1164,1.8547008547008546
1165,3.4778972520908007
1166,2.4086956521739133
1167,2.4840425531914896
1168,2.9950694755714924
1169,3.5311814478219996
1170,3.8058968058968055
1171,1.4391270049960558
1172,1.8028933092224233
1173,1.4168012924071083
1174,4.031234983181164
1175,3.986807387862797
1176,2.0224842336166713
1177,2.281086387434555
1178,4.0870773506252895
1179,3.9534883720930236
1180,4.476367006487488
1181,2.4274661508704063
1182,1.4180064308681672
1183,1.7999999999999998
1184,4.725352112676056
1185,4.055793991416309
1186,4.04
1187,1.5191468734852158
1188,3.9104524180967237
1189,1.391304347826087
1190,3.334323922734027
1191,4.510769230769231
1192,1.7000000000000002
1193,4.5360000000000005
1194,2.759943846513804
1195,3.0117065127782356
1196,2.0318725099601593
1197,4.121951219512196
1198,3.3039421062654735
1199,4.355597365945437
1200,3.709677419354839
1201,2.513888888888889
1202,3.2759394279304543
1203,2.925293489861259
1204,1.7591623036649215
1205,4.105263157894736
1206,3.0427446569178853
1207,2.798882681564246
1208,3.097175141242938
1209,1.5705929274129222
1210,2.6422287390029324
1211,3.6318864774624378
1212,3.9354838709677415
1213,1.8586147681740124
1214,2.552941176470588
1215,2.532083633741889
1216,3.4431977559607296
1217,3.111265646731572
1218,1.5009174311926605
1219,4.956834532374101
1220,1.3658536585365855
1221,3.5989304812834217
1222,2.5648854961832064
1223,3.5683724114324837
1224,5.0
1225,1.7938144329896908
1226,3.7112922002328292
1227,4.219921456622635
1228,2.7551020408163267
1229,3.1224209078404397
1230,3.207267833109017
1231,3.3550913838120104
1232,2.2356191095222617
1233,1.7015057573073518
1234,2.75
1235,3.430167597765363
1236,2.263157894736842
1237,3.643979057591623
1238,3.18421052631579
1239,3.5934065934065935
1240,2.4825870646766175
1241,2.647058823529412
1242,4.440397350993377
1243,1.0
1244,3.0797840431913612
1245,2.9054652880354506
1246,3.1471442400774445
1247,3.9419087136929467
1248,3.5214899713467056
1249,2.822857142857143
1250,1.3070866141732282
1251,3.051513200257566
1252,2.3532664345689125
1253,4.3277886497064575
1254,4.732780082987552
1255,1.2673267326732673
1256,3.388116914230954
1257,3.0462237938873455
1258,1.9716088328075712
1259,4.729921819474058
1260,2.0707964601769913
1261,1.4471865745310957
1262,2.8686257562662063
1263,2.0
1264,3.476190476190476
1265,3.1013110846245535
1266,4.7848049281314164
1267,4.278330019880715
1268,4.999999999999999
1269,4.361930294906167
1270,3.5993747208575253
1271,2.476609105180534
1272,3.4245998315080035
1273,2.6448821247388836
1274,3.947808961102905
1275,4.1520901274829525
1276,3.621776504297994
1277,3.371335504885994
1278,4.8003003003003
1279,2.338544798556825
1280,2.9710982658959537
1281,3.3609756097560974
1282,4.97972972972973
1283,2.9809782608695654
1284,2.426592797783934
1285,3.4358974358974357
1286,1.3662051426956767
1287,3.843866171003717
1288,3.8407079646017697
1289,2.466666666666667
1290,4.053398058252427
1291,3.6006097560975605
1292,3.4564624162738773
1293,2.522930800542741
1294,2.838574119692798
1295,4.708353929807217
1296,4.3801652892561975
1297,2.825162838532739
1298,2.904761904761904
1299,2.9999999999999996
1300,4.185840707964601
1301,2.0
1302,3.375933609958506
1303,2.5686274509803924
1304,2.629324546952224
1305,2.7733333333333334
1306,4.838323353293413
1307,3.0745156482861407
1308,1.868421052631579
1309,3.991416309012876
1310,4.152558493437322
1311,2.3945239576851276
1312,2.7101959920722307
1313,4.121110176619007
1314,2.5663643858202803
1315,2.2479029091558096
1316,4.152941176470588
1317,2.671586715867159
1318,1.2076788830715532
1319,2.663594470046083
1320,4.877300613496932
1321,2.8805970149253732
1322,2.4394426580921755
1323,2.369891778387983
1324,4.360188915127101
1325,2.7224080267558532
1326,4.318181818181818
1327,1.4865831842576027
1328,2.8259493670886076
1329,1.4195804195804196
1330,3.048991354466859
1331,4.0344827586206895
1332,2.886733902249806
1333,4.143030119570152
1334,2.9334073251942288
1335,1.910596026490066
1336,3.676258992805756
1337,2.2370266479663394
1338,2.654970760233918
1339,3.0356975105683417
1340,2.7616262064931267
1341,2.491395793499044
1342,4.958190801976435
1343,3.2810608244450847
1344,2.486105965172286
1345,1.7105943152454781
1346,2.128440366972477
1347,1.9383886255924172
1348,4.072625698324022
1349,3.209136754672204
1350,3.7607655502392343
1351,2.484451718494272
1352,3.0232945091514147
1353,2.3547417327138565
1354,1.5161290322580645
1355,3.8518518518518516
1356,1.4062500000000002
1357,1.7959183673469385
1358,3.222222222222222
1359,2.783333333333333
1360,4.612903225806452
1361,3.104686407087899
1362,3.8181818181818183
1363,2.801186943620178
1364,2.3938897981451177
1365,4.384780855068567
1366,2.5649546827794563
1367,1.4268796474800332
1368,2.4976525821596245
1369,3.83302752293578
1370,2.1096774193548384
1371,1.541846419327006
1372,4.190735694822888
1373,4.6600985221674875
1374,2.4084507042253525
1375,3.3036269430051814
1376,3.2775405636208372
1377,3.9567198177676537
1378,4.2215189873417724
1379,1.315698677400805
1380,2.926829268292683
1381,2.8874878758486906
1382,2.9341657207718503
1383,3.6279491833030852
1384,1.8873239436619718
1385,4.729957805907174
1386,3.643835616438356
1387,2.0
1388,2.160887656033287
1389,4.0
1390,1.0
1391,4.0
1392,1.4444444444444444
1393,3.4089219330855016
1394,1.898477157360406
1395,3.3106796116504853
1396,2.0115295926210606
1397,3.4866039102099924
1398,3.391947411668036
1399,1.2713270142180093
1400,3.297968397291196
1401,4.054755043227665
1402,2.2105263157894735
1403,1.7244094488188977
1404,3.749058025621703
1405,4.842549203373945
1406,3.703196347031963
1407,2.9112627986348123
1408,3.8503937007874014
1409,2.0198366394399065
1410,2.097913322632424
1411,2.6244079130677074
1412,4.870370370370369
1413,2.0786324786324784
1414,3.1614906832298133
1415,3.948529411764706
1416,2.8071615069004103
1417,3.0538116591928253
1418,2.148104544384271
1419,4.777695442756577
1420,3.6020066889632107
1421,3.3949044585987256
1422,3.896321070234114
1423,2.9774217042971594
1424,3.2561003950732044
1425,2.5742674301111483
1426,4.0
1427,3.64861683343143
1428,2.4473684210526314
1429,3.5766423357664237
1430,1.9767441860465116
1431,3.8947032546266747
1432,1.2682926829268293
1433,2.426341186488788
1434,4.73063973063973
1435,3.8938053097345136
1436,2.591041061800083
1437,4.0
1438,4.747126436781609
1439,3.7999999999999994
1440,1.8055482857890606
1441,4.568294823047676
1442,3.045977011494253
1443,2.507853403141361
1444,3.454895254382215
1445,2.2844702467343976
1446,2.234113712374582
1447,1.6702644360496492
1448,3.6609222170470423
1449,3.7115666178623723
1450,3.446503791069924
1451,3.157258064516129
1452,4.318181818181818
1453,3.7049180327868854
1454,2.6805845511482254
1455,2.830508474576271
1456,2.4347277696026906
1457,2.8704965920155794
1458,4.709251101321586
1459,2.2341232227488153
1460,2.5863708399366088
1461,2.92436974789916
1462,3.6739130434782608
1463,3.2081549898625816
1464,2.7856553998351195
1465,4.265277119848413
1466,1.451153517516377
1467,3.6326418211859743
1468,2.5963707699852874
1469,4.045454545454545
1470,1.5194805194805194
1471,3.2084168336673353
1472,1.8269381362568522
1473,1.8139534883720931
1474,3.5144425877297683
1475,2.6796650091599057
1476,2.739130434782609
1477,3.821162854780932
1478,1.4350692155570204
1479,2.75
1480,4.5
1481,1.8415841584158414
1482,3.6210141139571355
1483,2.5715227422544493
1484,3.3345259391771016
1485,2.6441332689521966
1486,3.3629629629629627
1487,4.5675675675675675
1488,4.126141693409035
1489,2.953169244173383
1490,1.3285714285714287
1491,1.8697394789579158
1492,4.280178837555886
1493,3.9138867339022503
1494,3.0330119300539304
1495,5.0
1496,5.000000000000001
1497,1.9374999999999998
1498,3.9411764705882355
1499,2.196261682242991
1500,2.938916634652324
1501,4.939167556029883
1502,1.7894736842105263
1503,1.8261964735516372
1504,3.180215475024486
1505,1.8580441640378549
1506,4.105263157894736
1507,4.321846348403414
1508,1.9897395422257305
1509,3.7140073609006277
1510,3.5091799265605883
1511,3.1551724137931036
1512,3.718232044198895
1513,4.735051764208748
1514,2.714285714285715
1515,3.126885536823425
1516,2.5619958171496866
1517,2.008314087759815
1518,1.0885311871227363
1519,2.8632911392405065
1520,1.9565217391304348
1521,3.475091130012151
1522,2.9999999999999996
1523,3.125748502994012
1524,2.893001099303774
1525,1.7306590257879657
1526,1.8483290488431876
1527,2.685494981302893
1528,2.2295081967213117
1529,1.927710843373494
1530,2.5571626404062155
1531,3.027397260273973
1532,1.2112676056338028
1533,3.1485931078090417
1534,3.313779745434422
1535,1.980392156862745
1536,3.900735294117647
1537,4.691735898557061
1538,2.86875
1539,2.8857142857142857
1540,2.619025944469732
1541,2.1251314405888544
1542,4.138248847926267
1543,1.2127284739044262
1544,2.748373101952278
1545,4.45917001338688
1546,2.389830508474576
1547,2.966133584195673
1548,2.55045871559633
1549,2.6766467065868262
1550,4.0550045085662765
1551,4.979641299079011
1552,4.386634844868736
1553,1.3
1554,3.9588100686498855
1555,1.0852272727272727
1556,2.376923076923077
1557,3.161758241758242
1558,3.3465952563121655
1559,3.8887525562372187
1560,4.011816606270678
1561,1.4876673713883015
1562,2.5396747166091673
1563,3.412546125461255
1564,4.750577367205542
1565,2.1925925925925926
1566,2.0
1567,2.796810207336523
1568,4.226277372262773
1569,4.825049701789265
1570,2.669415292353823
1571,2.142476697736352
1572,3.4476650563607087
1573,1.0
1574,1.1015992474129823
1575,3.3700787401574805
1576,2.9584807298454665
1577,3.2093023255813953
1578,2.6708268330733227
1579,2.339527027027027
1580,2.799629515282495
1581,1.9451090781140041
1582,3.521739130434783
1583,1.6986899563318776
1584,4.172413793103448
1585,1.674095557930087
1586,3.130841121495327
1587,1.3993855606758832
1588,1.038098830629951
1589,4.866666666666667
1590,2.6933769419460347
1591,2.084326306141155
1592,3.3576354679802956
1593,4.334728033472803
1594,4.085188770571152
1595,2.184245660881175
1596,1.068649885583524
1597,2.587628865979381
1598,4.474747474747475
1599,4.7212543554006965
1600,2.460122699386503
1601,4.392265193370165
1602,4.558282208588957
1603,3.2967415926119537
1604,2.909090909090909
1605,1.8962655601659753
1606,4.0
1607,4.0404964075767476
1608,4.590527873704982
1609,4.031922276197085
1610,2.34207389749702
1611,2.7262569832402233
1612,3.0121765601217656
1613,3.376878612716763
1614,1.8329048843187663
1615,2.5275190516511437
1616,2.0
1617,3.1363636363636367
1618,2.9384264538198406
1619,3.193850267379679
1620,3.91317144959529
1621,4.5614973262032095
1622,1.0
1623,4.807486631016043
1624,2.8023255813953485
1625,1.6396924944365772
1626,4.0
1627,3.3155080213903747
1628,2.920353982300885
1629,4.2465753424657535
1630,3.5280898876404496
1631,4.041876046901173
1632,3.5382315249893206
1633,4.824240205053094
1634,2.755852842809365
1635,2.0
1636,3.168012219070478
1637,3.6706276150627613
1638,2.590074441687345
1639,3.6518821126349574
1640,2.2718446601941746
1641,3.576642335766423
1642,3.0350877192982457
1643,1.9671951886276655
1644,3.2631578947368416
1645,2.98567335243553
1646,2.21953488372093
1647,3.3483870967741933
1648,3.0705882352941174
1649,1.642754662840746
1650,3.415646620542842
1651,1.7063142437591776
1652,3.3057851239669422
1653,2.463971880492092
1654,3.7272238645525397
1655,1.3557692307692308
1656,3.3866481223922116
1657,1.9370078740157481
1658,4.547918043621943
1659,4.21161825726141
1660,2.0
1661,2.89736399326977
1662,3.8050373134328352
1663,2.980544747081712
1664,3.767123287671233
1665,2.45928338762215
1666,1.617363344051447
1667,1.8852901484480433
1668,2.8275862068965516
1669,3.19679743795036
1670,5.0
1671,2.7294117647058824
1672,1.0
1673,1.0795015040825096
1674,4.48314606741573
1675,4.78988326848249
1676,3.588915662650602
1677,1.6836108676599473
1678,3.160092807424594
1679,3.296737644071108
1680,3.5994534452469265
1681,2.451612903225807
1682,3.1054313099041533
1683,1.6098081023454156
1684,3.701513067400275
1685,2.7384066587395957
1686,3.279685372863409
1687,2.7083333333333335
1688,3.7910447761194033
1689,3.3601855757064536
1690,3.3618421052631575
1691,4.68595041322314
1692,3.8150020494603085
1693,2.0
1694,2.858490566037736
1695,3.663951120162933
1696,2.1980624327233587
1697,3.854961832061069
1698,4.169741697416974
1699,3.2051282051282053
1700,3.327139364303178
1701,4.747242206235011
1702,4.6228873239436625
1703,4.222756961155036
1704,1.8240282685512366
1705,1.2091388400702987
1706,1.597826086956522
1707,2.0144092219020173
1708,4.082662765179224
1709,3.359692724807953
1710,4.0
1711,3.420070422535211
1712,3.14004914004914
1713,2.9183673469387754
1714,1.9976162097735402
1715,2.7425897035881435
1716,3.7546337157987653
1717,2.880209941339919
1718,3.205298013245033
1719,3.3038710749293903
1720,4.57235104197241
1721,2.239683201333889
1722,3.799999999999999
1723,3.0513470681458004
1724,2.8823529411764706
1725,3.7703927492447136
1726,2.9405940594059405
1727,4.010989010989011
1728,2.861016949152543
1729,4.181818181818182
1730,2.876712328767123
1731,4.626373626373626
1732,2.754602468136759
1733,1.8143961927424153
1734,1.8431929733918884
1735,1.1495327102803738
1736,2.4324324324324325
1737,2.363228699551569
1738,3.4210943695479776
1739,3.010799136069114
1740,3.3304347826086955
1741,3.5396825396825404
1742,1.3142857142857143
1743,3.3375
1744,1.9022327469553455
1745,4.7101449275362315
1746,1.8854415274463008
1747,3.3149847094801226
1748,1.412448132780083
1749,2.595380667236955
1750,2.962962962962963
1751,3.7295597484276723
1752,4.361767728674203
1753,2.014925373134328
1754,3.475336322869955
1755,4.603891591382904
1756,1.1376673040152963
1757,3.1003006285870454
1758,3.7793030623020063
1759,3.3136729222520107
1760,4.127573209625978
1761,3.8365384615384617
1762,3.650778857675409
1763,4.20260492040521
1764,4.752190237797247
1765,3.1287684038326713
1766,2.189814814814815
1767,3.705210918114144
1768,3.5825242718446604
1769,5.0
1770,4.983970406905056
1771,1.27059843885516
1772,2.2274814553161426
1773,2.566371681415929
1774,2.8154593282072033
1775,2.661157024793388
1776,1.4688524590163936
1777,3.1940298507462686
1778,1.6153846153846152
1779,2.405907575035732
1780,3.2664509169363543
1781,4.030316897380162
1782,2.8215297450424925
1783,3.415861959791039
1784,2.612334801762114
1785,4.5169738118331715
1786,3.7791077257889008
1787,3.5380710659898478
1788,3.59079283887468
1789,2.8250000000000006
1790,2.9134396355353074
1791,1.0
1792,3.483101391650099
1793,1.4164759725400458
1794,2.0
1795,4.304753820033955
1796,4.457380457380457
1797,1.1439588688946016
1798,4.378491620111731
1799,1.2179794894174123
1800,2.789587852494577
1801,2.8499999999999996
1802,3.4064053009387076
1803,1.7036793692509855
1804,3.2174629324546946
1805,2.600790513833992
1806,1.5769230769230766
1807,3.041694687289845
1808,4.219387755102042
1809,2.326923076923077
1810,2.1471934473620817
1811,2.8435643564356434
1812,1.4910714285714286
1813,3.525644432633537
1814,1.8394160583941606
1815,3.634989200863931
1816,2.719178082191781
1817,3.956185567010309
1818,2.6089385474860336
1819,2.0538286580742993
1820,2.106588334032732
1821,1.7061631043785017
1822,2.3218142548596115
1823,4.133056133056133
1824,2.6483750665956314
1825,2.6844919786096257
1826,4.212121212121212
1827,2.4563876651982377
1828,3.970873786407767
1829,2.5970772442588728
1830,2.7657864523536166
1831,1.050814332247557
1832,3.1790218394340206
1833,3.71313672922252
1834,3.112614578786556
1835,2.1366120218579234
1836,3.726266744321491
1837,3.431034482758621
1838,2.9504748982360915
1839,1.727272727272727
1840,3.1132075471698113
1841,2.8791400348634513
1842,3.4615384615384612
1843,3.2011834319526624
1844,3.0513833992094868
1845,4.933802234174596
1846,5.0
1847,1.7840531561461792
1848,1.8538899430740037
1849,2.35881753312946
1850,2.525773195876289
1851,1.3592814371257487
1852,2.7346609257265877
1853,1.0
1854,2.9076810800948727
1855,2.411764705882353
1856,3.2614634146341466
1857,2.703075291622482
1858,3.7760000000000002
1859,4.521276595744681
1860,2.9550561797752812
1861,4.78021978021978
1862,2.4190609670637704
1863,3.226415094339623
1864,2.759478189971464
1865,2.8506981740064448
1866,3.4863968148639684
1867,4.5199523525908285
1868,4.334341906202723
1869,3.8037225042301177
1870,2.4080256821829855
1871,2.8767908309455583
1872,2.3002257336343113
1873,2.9190871369294604
1874,2.5379426644182126
1875,4.031988873435327
1876,3.275783149763982
1877,4.626016260162602
1878,4.010562052055828
1879,2.965127238454288
1880,2.916310845431256
1881,2.0487940116440253
1882,3.7285067873303164
1883,2.2413793103448274
1884,2.188284518828452
1885,2.6353122590593676
1886,3.364069952305247
1887,2.9004255319148933
1888,3.6777358490566034
1889,4.0
1890,2.0
1891,3.2980186008896077
1892,4.648829431438127
1893,3.9468228931951326
1894,2.0344827586206895
1895,3.53257328990228
1896,2.3320158102766797
1897,2.99084144247281
1898,2.2570093457943923
1899,3.8285714285714283
1900,2.695129998680216
1901,1.8327137546468402
1902,4.598393574297188
1903,3.329073482428115
1904,2.2299239222316145
1905,3.8633879781420766
1906,3.175243393602225
1907,2.4616019818331956
1908,1.921985815602837
1909,3.104750304506699
1910,2.827586206896552
1911,2.1100917431192663
1912,3.3609865470852016
1913,1.962025316455696
1914,3.0000000000000004
1915,2.6090695856137605
1916,2.5463709677419355
1917,4.0
1918,3.5172413793103448
1919,1.9615384615384617
1920,2.857659519504004
1921,2.45079980610761
1922,4.0
1923,2.7291893856779352
1924,2.7638640429338106
1925,2.0
1926,2.445576655859194
1927,2.036691127418279
1928,1.5726980992347568
1929,2.810344827586207
1930,4.129620739318291
1931,4.640926640926641
1932,1.842696629213483
1933,1.295774647887324
1934,2.120603015075377
1935,3.2477064220183482
1936,4.712430426716141
1937,4.581643543223052
1938,4.536500579374275
1939,2.554156171284635
1940,2.764411027568922
1941,1.3157894736842108
1942,2.069649641198818
1943,2.5190114068441063
1944,3.423266513309234
1945,4.0
1946,1.5094339622641508
1947,3.6756756756756754
1948,3.4516129032258065
1949,1.0
1950,2.998869417750141
1951,3.689595872742906
1952,1.3600000000000003
1953,3.176245210727969
1954,1.5659609120521172
1955,2.629541676561387
1956,4.017699115044247
1957,4.034482758620689
1958,3.073636510762259
1959,1.623810818157108
1960,3.0769230769230766
1961,1.8333917923535599
1962,2.6142365097588978
1963,3.175675675675675
1964,3.217598097502973
1965,3.9472693032015065
1966,2.738580077050082
1967,3.299564947172157
1968,1.9359767188068389
1969,1.2991452991452992
1970,1.845
1971,2.489644970414201
1972,4.744667697063369
1973,2.928019194881365
1974,4.159292035398231
1975,2.0437956204379564
1976,1.169014084507042
1977,1.2197452229299361
1978,3.0165521549031853
1979,2.593582887700535
